"states","year","name","value","week"
"Aguascalientes",2020,"V2",32,1
"Aguascalientes",2020,"V3",50,2
"Aguascalientes",2020,"V4",34,3
"Aguascalientes",2020,"V5",45,4
"Aguascalientes",2020,"V6",41,5
"Aguascalientes",2020,"V7",30,6
"Aguascalientes",2020,"V8",26,7
"Aguascalientes",2020,"V9",43,8
"Aguascalientes",2020,"V10",32,9
"Aguascalientes",2020,"V11",34,10
"Aguascalientes",2020,"V12",28,11
"Aguascalientes",2020,"V13",23,12
"Aguascalientes",2020,"V14",11,13
"Aguascalientes",2020,"V15",11,14
"Aguascalientes",2020,"V16",21,15
"Aguascalientes",2020,"V17",16,16
"Aguascalientes",2020,"V18",16,17
"Aguascalientes",2020,"V19",15,18
"Aguascalientes",2020,"V20",3,19
"Baja California",2020,"V2",225,1
"Baja California",2020,"V3",272,2
"Baja California",2020,"V4",210,3
"Baja California",2020,"V5",240,4
"Baja California",2020,"V6",280,5
"Baja California",2020,"V7",237,6
"Baja California",2020,"V8",253,7
"Baja California",2020,"V9",247,8
"Baja California",2020,"V10",207,9
"Baja California",2020,"V11",173,10
"Baja California",2020,"V12",160,11
"Baja California",2020,"V13",153,12
"Baja California",2020,"V14",141,13
"Baja California",2020,"V15",179,14
"Baja California",2020,"V16",187,15
"Baja California",2020,"V17",291,16
"Baja California",2020,"V18",253,17
"Baja California",2020,"V19",253,18
"Baja California",2020,"V20",298,19
"Baja California Sur",2020,"V2",18,1
"Baja California Sur",2020,"V3",11,2
"Baja California Sur",2020,"V4",11,3
"Baja California Sur",2020,"V5",13,4
"Baja California Sur",2020,"V6",19,5
"Baja California Sur",2020,"V7",10,6
"Baja California Sur",2020,"V8",13,7
"Baja California Sur",2020,"V9",9,8
"Baja California Sur",2020,"V10",25,9
"Baja California Sur",2020,"V11",23,10
"Baja California Sur",2020,"V12",18,11
"Baja California Sur",2020,"V13",25,12
"Baja California Sur",2020,"V14",13,13
"Baja California Sur",2020,"V15",10,14
"Baja California Sur",2020,"V16",10,15
"Baja California Sur",2020,"V17",2,16
"Baja California Sur",2020,"V18",3,17
"Baja California Sur",2020,"V19",6,18
"Baja California Sur",2020,"V20",8,19
"Campeche",2020,"V2",8,1
"Campeche",2020,"V3",7,2
"Campeche",2020,"V4",7,3
"Campeche",2020,"V5",7,4
"Campeche",2020,"V6",8,5
"Campeche",2020,"V7",5,6
"Campeche",2020,"V8",6,7
"Campeche",2020,"V9",11,8
"Campeche",2020,"V10",5,9
"Campeche",2020,"V11",1,10
"Campeche",2020,"V12",6,11
"Campeche",2020,"V13",7,12
"Campeche",2020,"V14",8,13
"Campeche",2020,"V15",3,14
"Campeche",2020,"V16",2,15
"Campeche",2020,"V17",2,16
"Campeche",2020,"V18",5,17
"Campeche",2020,"V19",9,18
"Campeche",2020,"V20",13,19
"Coahuila",2020,"V2",168,1
"Coahuila",2020,"V3",144,2
"Coahuila",2020,"V4",163,3
"Coahuila",2020,"V5",191,4
"Coahuila",2020,"V6",157,5
"Coahuila",2020,"V7",151,6
"Coahuila",2020,"V8",148,7
"Coahuila",2020,"V9",120,8
"Coahuila",2020,"V10",84,9
"Coahuila",2020,"V11",98,10
"Coahuila",2020,"V12",95,11
"Coahuila",2020,"V13",109,12
"Coahuila",2020,"V14",76,13
"Coahuila",2020,"V15",81,14
"Coahuila",2020,"V16",29,15
"Coahuila",2020,"V17",23,16
"Coahuila",2020,"V18",32,17
"Coahuila",2020,"V19",20,18
"Coahuila",2020,"V20",25,19
"Colima",2020,"V2",11,1
"Colima",2020,"V3",7,2
"Colima",2020,"V4",8,3
"Colima",2020,"V5",12,4
"Colima",2020,"V6",8,5
"Colima",2020,"V7",6,6
"Colima",2020,"V8",13,7
"Colima",2020,"V9",14,8
"Colima",2020,"V10",13,9
"Colima",2020,"V11",19,10
"Colima",2020,"V12",10,11
"Colima",2020,"V13",11,12
"Colima",2020,"V14",12,13
"Colima",2020,"V15",7,14
"Colima",2020,"V16",6,15
"Colima",2020,"V17",3,16
"Colima",2020,"V18",8,17
"Colima",2020,"V19",11,18
"Colima",2020,"V20",3,19
"Chiapas",2020,"V2",54,1
"Chiapas",2020,"V3",61,2
"Chiapas",2020,"V4",53,3
"Chiapas",2020,"V5",41,4
"Chiapas",2020,"V6",38,5
"Chiapas",2020,"V7",43,6
"Chiapas",2020,"V8",158,7
"Chiapas",2020,"V9",45,8
"Chiapas",2020,"V10",47,9
"Chiapas",2020,"V11",34,10
"Chiapas",2020,"V12",31,11
"Chiapas",2020,"V13",66,12
"Chiapas",2020,"V14",41,13
"Chiapas",2020,"V15",19,14
"Chiapas",2020,"V16",33,15
"Chiapas",2020,"V17",21,16
"Chiapas",2020,"V18",22,17
"Chiapas",2020,"V19",22,18
"Chiapas",2020,"V20",18,19
"Chihuahua",2020,"V2",231,1
"Chihuahua",2020,"V3",271,2
"Chihuahua",2020,"V4",258,3
"Chihuahua",2020,"V5",296,4
"Chihuahua",2020,"V6",396,5
"Chihuahua",2020,"V7",252,6
"Chihuahua",2020,"V8",237,7
"Chihuahua",2020,"V9",201,8
"Chihuahua",2020,"V10",215,9
"Chihuahua",2020,"V11",210,10
"Chihuahua",2020,"V12",187,11
"Chihuahua",2020,"V13",214,12
"Chihuahua",2020,"V14",201,13
"Chihuahua",2020,"V15",55,14
"Chihuahua",2020,"V16",69,15
"Chihuahua",2020,"V17",118,16
"Chihuahua",2020,"V18",98,17
"Chihuahua",2020,"V19",112,18
"Chihuahua",2020,"V20",114,19
"Ciudad de México",2020,"V2",378,1
"Ciudad de México",2020,"V3",427,2
"Ciudad de México",2020,"V4",372,3
"Ciudad de México",2020,"V5",365,4
"Ciudad de México",2020,"V6",274,5
"Ciudad de México",2020,"V7",324,6
"Ciudad de México",2020,"V8",367,7
"Ciudad de México",2020,"V9",311,8
"Ciudad de México",2020,"V10",261,9
"Ciudad de México",2020,"V11",294,10
"Ciudad de México",2020,"V12",283,11
"Ciudad de México",2020,"V13",304,12
"Ciudad de México",2020,"V14",311,13
"Ciudad de México",2020,"V15",262,14
"Ciudad de México",2020,"V16",252,15
"Ciudad de México",2020,"V17",356,16
"Ciudad de México",2020,"V18",566,17
"Ciudad de México",2020,"V19",489,18
"Ciudad de México",2020,"V20",582,19
"Durango",2020,"V2",21,1
"Durango",2020,"V3",31,2
"Durango",2020,"V4",22,3
"Durango",2020,"V5",29,4
"Durango",2020,"V6",14,5
"Durango",2020,"V7",19,6
"Durango",2020,"V8",31,7
"Durango",2020,"V9",24,8
"Durango",2020,"V10",20,9
"Durango",2020,"V11",20,10
"Durango",2020,"V12",18,11
"Durango",2020,"V13",18,12
"Durango",2020,"V14",15,13
"Durango",2020,"V15",6,14
"Durango",2020,"V16",11,15
"Durango",2020,"V17",11,16
"Durango",2020,"V18",5,17
"Durango",2020,"V19",3,18
"Durango",2020,"V20",4,19
"Guanajuato",2020,"V2",130,1
"Guanajuato",2020,"V3",130,2
"Guanajuato",2020,"V4",108,3
"Guanajuato",2020,"V5",134,4
"Guanajuato",2020,"V6",138,5
"Guanajuato",2020,"V7",156,6
"Guanajuato",2020,"V8",149,7
"Guanajuato",2020,"V9",120,8
"Guanajuato",2020,"V10",120,9
"Guanajuato",2020,"V11",118,10
"Guanajuato",2020,"V12",109,11
"Guanajuato",2020,"V13",109,12
"Guanajuato",2020,"V14",85,13
"Guanajuato",2020,"V15",68,14
"Guanajuato",2020,"V16",42,15
"Guanajuato",2020,"V17",35,16
"Guanajuato",2020,"V18",72,17
"Guanajuato",2020,"V19",21,18
"Guanajuato",2020,"V20",45,19
"Guerrero",2020,"V2",8,1
"Guerrero",2020,"V3",24,2
"Guerrero",2020,"V4",42,3
"Guerrero",2020,"V5",31,4
"Guerrero",2020,"V6",25,5
"Guerrero",2020,"V7",41,6
"Guerrero",2020,"V8",41,7
"Guerrero",2020,"V9",44,8
"Guerrero",2020,"V10",25,9
"Guerrero",2020,"V11",29,10
"Guerrero",2020,"V12",35,11
"Guerrero",2020,"V13",21,12
"Guerrero",2020,"V14",26,13
"Guerrero",2020,"V15",18,14
"Guerrero",2020,"V16",20,15
"Guerrero",2020,"V17",18,16
"Guerrero",2020,"V18",50,17
"Guerrero",2020,"V19",9,18
"Guerrero",2020,"V20",29,19
"Hidalgo",2020,"V2",90,1
"Hidalgo",2020,"V3",70,2
"Hidalgo",2020,"V4",52,3
"Hidalgo",2020,"V5",76,4
"Hidalgo",2020,"V6",54,5
"Hidalgo",2020,"V7",67,6
"Hidalgo",2020,"V8",58,7
"Hidalgo",2020,"V9",119,8
"Hidalgo",2020,"V10",49,9
"Hidalgo",2020,"V11",55,10
"Hidalgo",2020,"V12",25,11
"Hidalgo",2020,"V13",41,12
"Hidalgo",2020,"V14",39,13
"Hidalgo",2020,"V15",28,14
"Hidalgo",2020,"V16",19,15
"Hidalgo",2020,"V17",13,16
"Hidalgo",2020,"V18",27,17
"Hidalgo",2020,"V19",20,18
"Hidalgo",2020,"V20",32,19
"Jalisco",2020,"V2",554,1
"Jalisco",2020,"V3",509,2
"Jalisco",2020,"V4",711,3
"Jalisco",2020,"V5",698,4
"Jalisco",2020,"V6",483,5
"Jalisco",2020,"V7",501,6
"Jalisco",2020,"V8",491,7
"Jalisco",2020,"V9",514,8
"Jalisco",2020,"V10",414,9
"Jalisco",2020,"V11",441,10
"Jalisco",2020,"V12",403,11
"Jalisco",2020,"V13",329,12
"Jalisco",2020,"V14",323,13
"Jalisco",2020,"V15",178,14
"Jalisco",2020,"V16",175,15
"Jalisco",2020,"V17",136,16
"Jalisco",2020,"V18",122,17
"Jalisco",2020,"V19",103,18
"Jalisco",2020,"V20",118,19
"México",2020,"V2",301,1
"México",2020,"V3",223,2
"México",2020,"V4",193,3
"México",2020,"V5",166,4
"México",2020,"V6",206,5
"México",2020,"V7",174,6
"México",2020,"V8",171,7
"México",2020,"V9",128,8
"México",2020,"V10",159,9
"México",2020,"V11",142,10
"México",2020,"V12",120,11
"México",2020,"V13",156,12
"México",2020,"V14",127,13
"México",2020,"V15",164,14
"México",2020,"V16",99,15
"México",2020,"V17",84,16
"México",2020,"V18",197,17
"México",2020,"V19",242,18
"México",2020,"V20",313,19
"Michoacán",2020,"V2",32,1
"Michoacán",2020,"V3",50,2
"Michoacán",2020,"V4",64,3
"Michoacán",2020,"V5",56,4
"Michoacán",2020,"V6",38,5
"Michoacán",2020,"V7",52,6
"Michoacán",2020,"V8",39,7
"Michoacán",2020,"V9",46,8
"Michoacán",2020,"V10",24,9
"Michoacán",2020,"V11",33,10
"Michoacán",2020,"V12",25,11
"Michoacán",2020,"V13",23,12
"Michoacán",2020,"V14",37,13
"Michoacán",2020,"V15",35,14
"Michoacán",2020,"V16",57,15
"Michoacán",2020,"V17",14,16
"Michoacán",2020,"V18",20,17
"Michoacán",2020,"V19",28,18
"Michoacán",2020,"V20",21,19
"Morelos",2020,"V2",14,1
"Morelos",2020,"V3",17,2
"Morelos",2020,"V4",40,3
"Morelos",2020,"V5",20,4
"Morelos",2020,"V6",24,5
"Morelos",2020,"V7",23,6
"Morelos",2020,"V8",28,7
"Morelos",2020,"V9",15,8
"Morelos",2020,"V10",19,9
"Morelos",2020,"V11",22,10
"Morelos",2020,"V12",19,11
"Morelos",2020,"V13",17,12
"Morelos",2020,"V14",14,13
"Morelos",2020,"V15",17,14
"Morelos",2020,"V16",7,15
"Morelos",2020,"V17",17,16
"Morelos",2020,"V18",12,17
"Morelos",2020,"V19",19,18
"Morelos",2020,"V20",15,19
"Nayarit",2020,"V2",23,1
"Nayarit",2020,"V3",26,2
"Nayarit",2020,"V4",22,3
"Nayarit",2020,"V5",17,4
"Nayarit",2020,"V6",28,5
"Nayarit",2020,"V7",33,6
"Nayarit",2020,"V8",17,7
"Nayarit",2020,"V9",27,8
"Nayarit",2020,"V10",26,9
"Nayarit",2020,"V11",31,10
"Nayarit",2020,"V12",30,11
"Nayarit",2020,"V13",8,12
"Nayarit",2020,"V14",7,13
"Nayarit",2020,"V15",14,14
"Nayarit",2020,"V16",8,15
"Nayarit",2020,"V17",11,16
"Nayarit",2020,"V18",18,17
"Nayarit",2020,"V19",4,18
"Nayarit",2020,"V20",2,19
"Nuevo León",2020,"V2",225,1
"Nuevo León",2020,"V3",160,2
"Nuevo León",2020,"V4",182,3
"Nuevo León",2020,"V5",144,4
"Nuevo León",2020,"V6",148,5
"Nuevo León",2020,"V7",168,6
"Nuevo León",2020,"V8",122,7
"Nuevo León",2020,"V9",130,8
"Nuevo León",2020,"V10",142,9
"Nuevo León",2020,"V11",111,10
"Nuevo León",2020,"V12",131,11
"Nuevo León",2020,"V13",142,12
"Nuevo León",2020,"V14",109,13
"Nuevo León",2020,"V15",53,14
"Nuevo León",2020,"V16",40,15
"Nuevo León",2020,"V17",38,16
"Nuevo León",2020,"V18",47,17
"Nuevo León",2020,"V19",41,18
"Nuevo León",2020,"V20",56,19
"Oaxaca",2020,"V2",39,1
"Oaxaca",2020,"V3",33,2
"Oaxaca",2020,"V4",44,3
"Oaxaca",2020,"V5",51,4
"Oaxaca",2020,"V6",41,5
"Oaxaca",2020,"V7",49,6
"Oaxaca",2020,"V8",146,7
"Oaxaca",2020,"V9",49,8
"Oaxaca",2020,"V10",58,9
"Oaxaca",2020,"V11",64,10
"Oaxaca",2020,"V12",44,11
"Oaxaca",2020,"V13",33,12
"Oaxaca",2020,"V14",31,13
"Oaxaca",2020,"V15",27,14
"Oaxaca",2020,"V16",32,15
"Oaxaca",2020,"V17",19,16
"Oaxaca",2020,"V18",21,17
"Oaxaca",2020,"V19",27,18
"Oaxaca",2020,"V20",16,19
"Puebla",2020,"V2",62,1
"Puebla",2020,"V3",77,2
"Puebla",2020,"V4",72,3
"Puebla",2020,"V5",47,4
"Puebla",2020,"V6",83,5
"Puebla",2020,"V7",48,6
"Puebla",2020,"V8",65,7
"Puebla",2020,"V9",58,8
"Puebla",2020,"V10",70,9
"Puebla",2020,"V11",55,10
"Puebla",2020,"V12",54,11
"Puebla",2020,"V13",82,12
"Puebla",2020,"V14",48,13
"Puebla",2020,"V15",32,14
"Puebla",2020,"V16",30,15
"Puebla",2020,"V17",21,16
"Puebla",2020,"V18",83,17
"Puebla",2020,"V19",44,18
"Puebla",2020,"V20",36,19
"Querétaro",2020,"V2",72,1
"Querétaro",2020,"V3",67,2
"Querétaro",2020,"V4",63,3
"Querétaro",2020,"V5",55,4
"Querétaro",2020,"V6",40,5
"Querétaro",2020,"V7",51,6
"Querétaro",2020,"V8",42,7
"Querétaro",2020,"V9",47,8
"Querétaro",2020,"V10",46,9
"Querétaro",2020,"V11",41,10
"Querétaro",2020,"V12",39,11
"Querétaro",2020,"V13",52,12
"Querétaro",2020,"V14",25,13
"Querétaro",2020,"V15",15,14
"Querétaro",2020,"V16",9,15
"Querétaro",2020,"V17",18,16
"Querétaro",2020,"V18",17,17
"Querétaro",2020,"V19",16,18
"Querétaro",2020,"V20",15,19
"Quintana Roo",2020,"V2",28,1
"Quintana Roo",2020,"V3",16,2
"Quintana Roo",2020,"V4",20,3
"Quintana Roo",2020,"V5",21,4
"Quintana Roo",2020,"V6",11,5
"Quintana Roo",2020,"V7",22,6
"Quintana Roo",2020,"V8",16,7
"Quintana Roo",2020,"V9",11,8
"Quintana Roo",2020,"V10",17,9
"Quintana Roo",2020,"V11",18,10
"Quintana Roo",2020,"V12",30,11
"Quintana Roo",2020,"V13",15,12
"Quintana Roo",2020,"V14",22,13
"Quintana Roo",2020,"V15",18,14
"Quintana Roo",2020,"V16",18,15
"Quintana Roo",2020,"V17",13,16
"Quintana Roo",2020,"V18",24,17
"Quintana Roo",2020,"V19",12,18
"Quintana Roo",2020,"V20",14,19
"San Luis Potosí",2020,"V2",76,1
"San Luis Potosí",2020,"V3",139,2
"San Luis Potosí",2020,"V4",171,3
"San Luis Potosí",2020,"V5",121,4
"San Luis Potosí",2020,"V6",124,5
"San Luis Potosí",2020,"V7",132,6
"San Luis Potosí",2020,"V8",108,7
"San Luis Potosí",2020,"V9",90,8
"San Luis Potosí",2020,"V10",91,9
"San Luis Potosí",2020,"V11",100,10
"San Luis Potosí",2020,"V12",83,11
"San Luis Potosí",2020,"V13",69,12
"San Luis Potosí",2020,"V14",33,13
"San Luis Potosí",2020,"V15",29,14
"San Luis Potosí",2020,"V16",25,15
"San Luis Potosí",2020,"V17",28,16
"San Luis Potosí",2020,"V18",25,17
"San Luis Potosí",2020,"V19",20,18
"San Luis Potosí",2020,"V20",26,19
"Sinaloa",2020,"V2",121,1
"Sinaloa",2020,"V3",150,2
"Sinaloa",2020,"V4",112,3
"Sinaloa",2020,"V5",175,4
"Sinaloa",2020,"V6",140,5
"Sinaloa",2020,"V7",128,6
"Sinaloa",2020,"V8",170,7
"Sinaloa",2020,"V9",142,8
"Sinaloa",2020,"V10",184,9
"Sinaloa",2020,"V11",145,10
"Sinaloa",2020,"V12",125,11
"Sinaloa",2020,"V13",163,12
"Sinaloa",2020,"V14",125,13
"Sinaloa",2020,"V15",99,14
"Sinaloa",2020,"V16",72,15
"Sinaloa",2020,"V17",58,16
"Sinaloa",2020,"V18",52,17
"Sinaloa",2020,"V19",56,18
"Sinaloa",2020,"V20",53,19
"Sonora",2020,"V2",130,1
"Sonora",2020,"V3",146,2
"Sonora",2020,"V4",172,3
"Sonora",2020,"V5",175,4
"Sonora",2020,"V6",186,5
"Sonora",2020,"V7",159,6
"Sonora",2020,"V8",185,7
"Sonora",2020,"V9",142,8
"Sonora",2020,"V10",137,9
"Sonora",2020,"V11",105,10
"Sonora",2020,"V12",92,11
"Sonora",2020,"V13",124,12
"Sonora",2020,"V14",79,13
"Sonora",2020,"V15",66,14
"Sonora",2020,"V16",68,15
"Sonora",2020,"V17",31,16
"Sonora",2020,"V18",38,17
"Sonora",2020,"V19",37,18
"Sonora",2020,"V20",65,19
"Tabasco",2020,"V2",23,1
"Tabasco",2020,"V3",23,2
"Tabasco",2020,"V4",38,3
"Tabasco",2020,"V5",19,4
"Tabasco",2020,"V6",33,5
"Tabasco",2020,"V7",35,6
"Tabasco",2020,"V8",23,7
"Tabasco",2020,"V9",22,8
"Tabasco",2020,"V10",16,9
"Tabasco",2020,"V11",17,10
"Tabasco",2020,"V12",25,11
"Tabasco",2020,"V13",15,12
"Tabasco",2020,"V14",12,13
"Tabasco",2020,"V15",20,14
"Tabasco",2020,"V16",11,15
"Tabasco",2020,"V17",17,16
"Tabasco",2020,"V18",22,17
"Tabasco",2020,"V19",24,18
"Tabasco",2020,"V20",43,19
"Tamaulipas",2020,"V2",127,1
"Tamaulipas",2020,"V3",163,2
"Tamaulipas",2020,"V4",146,3
"Tamaulipas",2020,"V5",153,4
"Tamaulipas",2020,"V6",160,5
"Tamaulipas",2020,"V7",126,6
"Tamaulipas",2020,"V8",129,7
"Tamaulipas",2020,"V9",122,8
"Tamaulipas",2020,"V10",115,9
"Tamaulipas",2020,"V11",131,10
"Tamaulipas",2020,"V12",87,11
"Tamaulipas",2020,"V13",109,12
"Tamaulipas",2020,"V14",58,13
"Tamaulipas",2020,"V15",63,14
"Tamaulipas",2020,"V16",45,15
"Tamaulipas",2020,"V17",44,16
"Tamaulipas",2020,"V18",31,17
"Tamaulipas",2020,"V19",27,18
"Tamaulipas",2020,"V20",31,19
"Tlaxcala",2020,"V2",37,1
"Tlaxcala",2020,"V3",34,2
"Tlaxcala",2020,"V4",22,3
"Tlaxcala",2020,"V5",32,4
"Tlaxcala",2020,"V6",20,5
"Tlaxcala",2020,"V7",15,6
"Tlaxcala",2020,"V8",18,7
"Tlaxcala",2020,"V9",16,8
"Tlaxcala",2020,"V10",9,9
"Tlaxcala",2020,"V11",17,10
"Tlaxcala",2020,"V12",14,11
"Tlaxcala",2020,"V13",17,12
"Tlaxcala",2020,"V14",10,13
"Tlaxcala",2020,"V15",12,14
"Tlaxcala",2020,"V16",18,15
"Tlaxcala",2020,"V17",13,16
"Tlaxcala",2020,"V18",46,17
"Tlaxcala",2020,"V19",14,18
"Tlaxcala",2020,"V20",51,19
"Veracruz",2020,"V2",83,1
"Veracruz",2020,"V3",95,2
"Veracruz",2020,"V4",94,3
"Veracruz",2020,"V5",93,4
"Veracruz",2020,"V6",93,5
"Veracruz",2020,"V7",66,6
"Veracruz",2020,"V8",105,7
"Veracruz",2020,"V9",74,8
"Veracruz",2020,"V10",81,9
"Veracruz",2020,"V11",67,10
"Veracruz",2020,"V12",81,11
"Veracruz",2020,"V13",71,12
"Veracruz",2020,"V14",73,13
"Veracruz",2020,"V15",53,14
"Veracruz",2020,"V16",46,15
"Veracruz",2020,"V17",36,16
"Veracruz",2020,"V18",52,17
"Veracruz",2020,"V19",85,18
"Veracruz",2020,"V20",116,19
"Yucatán",2020,"V2",26,1
"Yucatán",2020,"V3",26,2
"Yucatán",2020,"V4",32,3
"Yucatán",2020,"V5",32,4
"Yucatán",2020,"V6",45,5
"Yucatán",2020,"V7",33,6
"Yucatán",2020,"V8",51,7
"Yucatán",2020,"V9",33,8
"Yucatán",2020,"V10",31,9
"Yucatán",2020,"V11",35,10
"Yucatán",2020,"V12",28,11
"Yucatán",2020,"V13",38,12
"Yucatán",2020,"V14",24,13
"Yucatán",2020,"V15",9,14
"Yucatán",2020,"V16",14,15
"Yucatán",2020,"V17",16,16
"Yucatán",2020,"V18",7,17
"Yucatán",2020,"V19",16,18
"Yucatán",2020,"V20",16,19
"Zacatecas",2020,"V2",63,1
"Zacatecas",2020,"V3",100,2
"Zacatecas",2020,"V4",88,3
"Zacatecas",2020,"V5",78,4
"Zacatecas",2020,"V6",100,5
"Zacatecas",2020,"V7",61,6
"Zacatecas",2020,"V8",99,7
"Zacatecas",2020,"V9",67,8
"Zacatecas",2020,"V10",74,9
"Zacatecas",2020,"V11",70,10
"Zacatecas",2020,"V12",96,11
"Zacatecas",2020,"V13",105,12
"Zacatecas",2020,"V14",45,13
"Zacatecas",2020,"V15",23,14
"Zacatecas",2020,"V16",21,15
"Zacatecas",2020,"V17",17,16
"Zacatecas",2020,"V18",25,17
"Zacatecas",2020,"V19",35,18
"Zacatecas",2020,"V20",36,19
"TOTAL",2020,"V2",3410,1
"TOTAL",2020,"V3",3559,2
"TOTAL",2020,"V4",3626,3
"TOTAL",2020,"V5",3633,4
"TOTAL",2020,"V6",3455,5
"TOTAL",2020,"V7",3217,6
"TOTAL",2020,"V8",3525,7
"TOTAL",2020,"V9",3041,8
"TOTAL",2020,"V10",2816,9
"TOTAL",2020,"V11",2753,10
"TOTAL",2020,"V12",2531,11
"TOTAL",2020,"V13",2669,12
"TOTAL",2020,"V14",2181,13
"TOTAL",2020,"V15",1674,14
"TOTAL",2020,"V16",1496,15
"TOTAL",2020,"V17",1540,16
"TOTAL",2020,"V18",2016,17
"TOTAL",2020,"V19",1840,18
"TOTAL",2020,"V20",2217,19
"Aguascalientes",2019,"V2",46,1
"Aguascalientes",2019,"V3",18,2
"Aguascalientes",2019,"V4",55,3
"Aguascalientes",2019,"V5",43,4
"Aguascalientes",2019,"V6",49,5
"Aguascalientes",2019,"V7",36,6
"Aguascalientes",2019,"V8",49,7
"Aguascalientes",2019,"V9",75,8
"Aguascalientes",2019,"V10",28,9
"Aguascalientes",2019,"V11",35,10
"Aguascalientes",2019,"V12",28,11
"Aguascalientes",2019,"V13",33,12
"Aguascalientes",2019,"V14",44,13
"Aguascalientes",2019,"V15",48,14
"Aguascalientes",2019,"V16",34,15
"Aguascalientes",2019,"V17",20,16
"Aguascalientes",2019,"V18",20,17
"Aguascalientes",2019,"V19",17,18
"Aguascalientes",2019,"V20",35,19
"Baja California",2019,"V2",122,1
"Baja California",2019,"V3",165,2
"Baja California",2019,"V4",195,3
"Baja California",2019,"V5",208,4
"Baja California",2019,"V6",205,5
"Baja California",2019,"V7",172,6
"Baja California",2019,"V8",170,7
"Baja California",2019,"V9",151,8
"Baja California",2019,"V10",184,9
"Baja California",2019,"V11",209,10
"Baja California",2019,"V12",189,11
"Baja California",2019,"V13",152,12
"Baja California",2019,"V14",275,13
"Baja California",2019,"V15",164,14
"Baja California",2019,"V16",99,15
"Baja California",2019,"V17",110,16
"Baja California",2019,"V18",142,17
"Baja California",2019,"V19",89,18
"Baja California",2019,"V20",82,19
"Baja California Sur",2019,"V2",16,1
"Baja California Sur",2019,"V3",36,2
"Baja California Sur",2019,"V4",9,3
"Baja California Sur",2019,"V5",11,4
"Baja California Sur",2019,"V6",13,5
"Baja California Sur",2019,"V7",21,6
"Baja California Sur",2019,"V8",14,7
"Baja California Sur",2019,"V9",6,8
"Baja California Sur",2019,"V10",20,9
"Baja California Sur",2019,"V11",13,10
"Baja California Sur",2019,"V12",10,11
"Baja California Sur",2019,"V13",10,12
"Baja California Sur",2019,"V14",18,13
"Baja California Sur",2019,"V15",15,14
"Baja California Sur",2019,"V16",14,15
"Baja California Sur",2019,"V17",15,16
"Baja California Sur",2019,"V18",11,17
"Baja California Sur",2019,"V19",12,18
"Baja California Sur",2019,"V20",12,19
"Campeche",2019,"V2",11,1
"Campeche",2019,"V3",10,2
"Campeche",2019,"V4",14,3
"Campeche",2019,"V5",9,4
"Campeche",2019,"V6",6,5
"Campeche",2019,"V7",9,6
"Campeche",2019,"V8",20,7
"Campeche",2019,"V9",21,8
"Campeche",2019,"V10",4,9
"Campeche",2019,"V11",6,10
"Campeche",2019,"V12",4,11
"Campeche",2019,"V13",13,12
"Campeche",2019,"V14",14,13
"Campeche",2019,"V15",11,14
"Campeche",2019,"V16",7,15
"Campeche",2019,"V17",4,16
"Campeche",2019,"V18",13,17
"Campeche",2019,"V19",6,18
"Campeche",2019,"V20",13,19
"Coahuila",2019,"V2",91,1
"Coahuila",2019,"V3",97,2
"Coahuila",2019,"V4",122,3
"Coahuila",2019,"V5",159,4
"Coahuila",2019,"V6",156,5
"Coahuila",2019,"V7",78,6
"Coahuila",2019,"V8",98,7
"Coahuila",2019,"V9",106,8
"Coahuila",2019,"V10",115,9
"Coahuila",2019,"V11",92,10
"Coahuila",2019,"V12",123,11
"Coahuila",2019,"V13",114,12
"Coahuila",2019,"V14",77,13
"Coahuila",2019,"V15",71,14
"Coahuila",2019,"V16",97,15
"Coahuila",2019,"V17",52,16
"Coahuila",2019,"V18",47,17
"Coahuila",2019,"V19",37,18
"Coahuila",2019,"V20",34,19
"Colima",2019,"V2",17,1
"Colima",2019,"V3",23,2
"Colima",2019,"V4",19,3
"Colima",2019,"V5",14,4
"Colima",2019,"V6",20,5
"Colima",2019,"V7",18,6
"Colima",2019,"V8",23,7
"Colima",2019,"V9",27,8
"Colima",2019,"V10",13,9
"Colima",2019,"V11",13,10
"Colima",2019,"V12",15,11
"Colima",2019,"V13",32,12
"Colima",2019,"V14",15,13
"Colima",2019,"V15",8,14
"Colima",2019,"V16",7,15
"Colima",2019,"V17",10,16
"Colima",2019,"V18",14,17
"Colima",2019,"V19",8,18
"Colima",2019,"V20",5,19
"Chiapas",2019,"V2",26,1
"Chiapas",2019,"V3",46,2
"Chiapas",2019,"V4",41,3
"Chiapas",2019,"V5",125,4
"Chiapas",2019,"V6",39,5
"Chiapas",2019,"V7",47,6
"Chiapas",2019,"V8",52,7
"Chiapas",2019,"V9",53,8
"Chiapas",2019,"V10",35,9
"Chiapas",2019,"V11",38,10
"Chiapas",2019,"V12",44,11
"Chiapas",2019,"V13",30,12
"Chiapas",2019,"V14",37,13
"Chiapas",2019,"V15",33,14
"Chiapas",2019,"V16",43,15
"Chiapas",2019,"V17",32,16
"Chiapas",2019,"V18",31,17
"Chiapas",2019,"V19",37,18
"Chiapas",2019,"V20",25,19
"Chihuahua",2019,"V2",483,1
"Chihuahua",2019,"V3",321,2
"Chihuahua",2019,"V4",281,3
"Chihuahua",2019,"V5",390,4
"Chihuahua",2019,"V6",349,5
"Chihuahua",2019,"V7",169,6
"Chihuahua",2019,"V8",267,7
"Chihuahua",2019,"V9",235,8
"Chihuahua",2019,"V10",245,9
"Chihuahua",2019,"V11",212,10
"Chihuahua",2019,"V12",225,11
"Chihuahua",2019,"V13",173,12
"Chihuahua",2019,"V14",188,13
"Chihuahua",2019,"V15",130,14
"Chihuahua",2019,"V16",96,15
"Chihuahua",2019,"V17",102,16
"Chihuahua",2019,"V18",116,17
"Chihuahua",2019,"V19",83,18
"Chihuahua",2019,"V20",84,19
"Ciudad de México",2019,"V2",433,1
"Ciudad de México",2019,"V3",507,2
"Ciudad de México",2019,"V4",439,3
"Ciudad de México",2019,"V5",460,4
"Ciudad de México",2019,"V6",467,5
"Ciudad de México",2019,"V7",342,6
"Ciudad de México",2019,"V8",374,7
"Ciudad de México",2019,"V9",417,8
"Ciudad de México",2019,"V10",410,9
"Ciudad de México",2019,"V11",405,10
"Ciudad de México",2019,"V12",359,11
"Ciudad de México",2019,"V13",364,12
"Ciudad de México",2019,"V14",256,13
"Ciudad de México",2019,"V15",423,14
"Ciudad de México",2019,"V16",258,15
"Ciudad de México",2019,"V17",248,16
"Ciudad de México",2019,"V18",235,17
"Ciudad de México",2019,"V19",253,18
"Ciudad de México",2019,"V20",198,19
"Durango",2019,"V2",65,1
"Durango",2019,"V3",63,2
"Durango",2019,"V4",36,3
"Durango",2019,"V5",47,4
"Durango",2019,"V6",31,5
"Durango",2019,"V7",38,6
"Durango",2019,"V8",31,7
"Durango",2019,"V9",30,8
"Durango",2019,"V10",21,9
"Durango",2019,"V11",19,10
"Durango",2019,"V12",12,11
"Durango",2019,"V13",24,12
"Durango",2019,"V14",17,13
"Durango",2019,"V15",23,14
"Durango",2019,"V16",35,15
"Durango",2019,"V17",17,16
"Durango",2019,"V18",16,17
"Durango",2019,"V19",10,18
"Durango",2019,"V20",20,19
"Guanajuato",2019,"V2",191,1
"Guanajuato",2019,"V3",180,2
"Guanajuato",2019,"V4",236,3
"Guanajuato",2019,"V5",198,4
"Guanajuato",2019,"V6",186,5
"Guanajuato",2019,"V7",213,6
"Guanajuato",2019,"V8",180,7
"Guanajuato",2019,"V9",250,8
"Guanajuato",2019,"V10",190,9
"Guanajuato",2019,"V11",192,10
"Guanajuato",2019,"V12",201,11
"Guanajuato",2019,"V13",160,12
"Guanajuato",2019,"V14",168,13
"Guanajuato",2019,"V15",124,14
"Guanajuato",2019,"V16",145,15
"Guanajuato",2019,"V17",125,16
"Guanajuato",2019,"V18",105,17
"Guanajuato",2019,"V19",100,18
"Guanajuato",2019,"V20",68,19
"Guerrero",2019,"V2",9,1
"Guerrero",2019,"V3",39,2
"Guerrero",2019,"V4",38,3
"Guerrero",2019,"V5",37,4
"Guerrero",2019,"V6",24,5
"Guerrero",2019,"V7",36,6
"Guerrero",2019,"V8",33,7
"Guerrero",2019,"V9",29,8
"Guerrero",2019,"V10",19,9
"Guerrero",2019,"V11",21,10
"Guerrero",2019,"V12",16,11
"Guerrero",2019,"V13",21,12
"Guerrero",2019,"V14",31,13
"Guerrero",2019,"V15",18,14
"Guerrero",2019,"V16",25,15
"Guerrero",2019,"V17",23,16
"Guerrero",2019,"V18",22,17
"Guerrero",2019,"V19",15,18
"Guerrero",2019,"V20",16,19
"Hidalgo",2019,"V2",71,1
"Hidalgo",2019,"V3",85,2
"Hidalgo",2019,"V4",67,3
"Hidalgo",2019,"V5",68,4
"Hidalgo",2019,"V6",63,5
"Hidalgo",2019,"V7",51,6
"Hidalgo",2019,"V8",95,7
"Hidalgo",2019,"V9",74,8
"Hidalgo",2019,"V10",78,9
"Hidalgo",2019,"V11",98,10
"Hidalgo",2019,"V12",62,11
"Hidalgo",2019,"V13",46,12
"Hidalgo",2019,"V14",55,13
"Hidalgo",2019,"V15",50,14
"Hidalgo",2019,"V16",46,15
"Hidalgo",2019,"V17",27,16
"Hidalgo",2019,"V18",42,17
"Hidalgo",2019,"V19",30,18
"Hidalgo",2019,"V20",19,19
"Jalisco",2019,"V2",834,1
"Jalisco",2019,"V3",823,2
"Jalisco",2019,"V4",750,3
"Jalisco",2019,"V5",620,4
"Jalisco",2019,"V6",673,5
"Jalisco",2019,"V7",616,6
"Jalisco",2019,"V8",634,7
"Jalisco",2019,"V9",575,8
"Jalisco",2019,"V10",448,9
"Jalisco",2019,"V11",394,10
"Jalisco",2019,"V12",353,11
"Jalisco",2019,"V13",352,12
"Jalisco",2019,"V14",373,13
"Jalisco",2019,"V15",319,14
"Jalisco",2019,"V16",314,15
"Jalisco",2019,"V17",269,16
"Jalisco",2019,"V18",286,17
"Jalisco",2019,"V19",314,18
"Jalisco",2019,"V20",269,19
"México",2019,"V2",239,1
"México",2019,"V3",332,2
"México",2019,"V4",294,3
"México",2019,"V5",273,4
"México",2019,"V6",487,5
"México",2019,"V7",359,6
"México",2019,"V8",401,7
"México",2019,"V9",308,8
"México",2019,"V10",344,9
"México",2019,"V11",353,10
"México",2019,"V12",259,11
"México",2019,"V13",202,12
"México",2019,"V14",233,13
"México",2019,"V15",220,14
"México",2019,"V16",169,15
"México",2019,"V17",300,16
"México",2019,"V18",212,17
"México",2019,"V19",134,18
"México",2019,"V20",152,19
"Michoacán",2019,"V2",38,1
"Michoacán",2019,"V3",49,2
"Michoacán",2019,"V4",72,3
"Michoacán",2019,"V5",48,4
"Michoacán",2019,"V6",53,5
"Michoacán",2019,"V7",53,6
"Michoacán",2019,"V8",33,7
"Michoacán",2019,"V9",30,8
"Michoacán",2019,"V10",31,9
"Michoacán",2019,"V11",81,10
"Michoacán",2019,"V12",48,11
"Michoacán",2019,"V13",48,12
"Michoacán",2019,"V14",44,13
"Michoacán",2019,"V15",40,14
"Michoacán",2019,"V16",30,15
"Michoacán",2019,"V17",41,16
"Michoacán",2019,"V18",44,17
"Michoacán",2019,"V19",46,18
"Michoacán",2019,"V20",28,19
"Morelos",2019,"V2",8,1
"Morelos",2019,"V3",19,2
"Morelos",2019,"V4",9,3
"Morelos",2019,"V5",18,4
"Morelos",2019,"V6",48,5
"Morelos",2019,"V7",25,6
"Morelos",2019,"V8",27,7
"Morelos",2019,"V9",8,8
"Morelos",2019,"V10",9,9
"Morelos",2019,"V11",19,10
"Morelos",2019,"V12",15,11
"Morelos",2019,"V13",12,12
"Morelos",2019,"V14",5,13
"Morelos",2019,"V15",7,14
"Morelos",2019,"V16",8,15
"Morelos",2019,"V17",9,16
"Morelos",2019,"V18",7,17
"Morelos",2019,"V19",5,18
"Morelos",2019,"V20",7,19
"Nayarit",2019,"V2",26,1
"Nayarit",2019,"V3",41,2
"Nayarit",2019,"V4",35,3
"Nayarit",2019,"V5",36,4
"Nayarit",2019,"V6",47,5
"Nayarit",2019,"V7",48,6
"Nayarit",2019,"V8",46,7
"Nayarit",2019,"V9",23,8
"Nayarit",2019,"V10",50,9
"Nayarit",2019,"V11",36,10
"Nayarit",2019,"V12",33,11
"Nayarit",2019,"V13",27,12
"Nayarit",2019,"V14",39,13
"Nayarit",2019,"V15",33,14
"Nayarit",2019,"V16",25,15
"Nayarit",2019,"V17",23,16
"Nayarit",2019,"V18",25,17
"Nayarit",2019,"V19",18,18
"Nayarit",2019,"V20",9,19
"Nuevo León",2019,"V2",224,1
"Nuevo León",2019,"V3",219,2
"Nuevo León",2019,"V4",210,3
"Nuevo León",2019,"V5",130,4
"Nuevo León",2019,"V6",199,5
"Nuevo León",2019,"V7",195,6
"Nuevo León",2019,"V8",195,7
"Nuevo León",2019,"V9",176,8
"Nuevo León",2019,"V10",226,9
"Nuevo León",2019,"V11",209,10
"Nuevo León",2019,"V12",155,11
"Nuevo León",2019,"V13",111,12
"Nuevo León",2019,"V14",130,13
"Nuevo León",2019,"V15",141,14
"Nuevo León",2019,"V16",150,15
"Nuevo León",2019,"V17",116,16
"Nuevo León",2019,"V18",128,17
"Nuevo León",2019,"V19",112,18
"Nuevo León",2019,"V20",69,19
"Oaxaca",2019,"V2",64,1
"Oaxaca",2019,"V3",52,2
"Oaxaca",2019,"V4",45,3
"Oaxaca",2019,"V5",59,4
"Oaxaca",2019,"V6",57,5
"Oaxaca",2019,"V7",57,6
"Oaxaca",2019,"V8",52,7
"Oaxaca",2019,"V9",70,8
"Oaxaca",2019,"V10",43,9
"Oaxaca",2019,"V11",31,10
"Oaxaca",2019,"V12",37,11
"Oaxaca",2019,"V13",52,12
"Oaxaca",2019,"V14",36,13
"Oaxaca",2019,"V15",38,14
"Oaxaca",2019,"V16",25,15
"Oaxaca",2019,"V17",21,16
"Oaxaca",2019,"V18",43,17
"Oaxaca",2019,"V19",31,18
"Oaxaca",2019,"V20",29,19
"Puebla",2019,"V2",109,1
"Puebla",2019,"V3",111,2
"Puebla",2019,"V4",117,3
"Puebla",2019,"V5",97,4
"Puebla",2019,"V6",126,5
"Puebla",2019,"V7",125,6
"Puebla",2019,"V8",101,7
"Puebla",2019,"V9",93,8
"Puebla",2019,"V10",91,9
"Puebla",2019,"V11",100,10
"Puebla",2019,"V12",72,11
"Puebla",2019,"V13",58,12
"Puebla",2019,"V14",84,13
"Puebla",2019,"V15",68,14
"Puebla",2019,"V16",77,15
"Puebla",2019,"V17",100,16
"Puebla",2019,"V18",74,17
"Puebla",2019,"V19",56,18
"Puebla",2019,"V20",35,19
"Querétaro",2019,"V2",72,1
"Querétaro",2019,"V3",60,2
"Querétaro",2019,"V4",68,3
"Querétaro",2019,"V5",48,4
"Querétaro",2019,"V6",59,5
"Querétaro",2019,"V7",50,6
"Querétaro",2019,"V8",64,7
"Querétaro",2019,"V9",49,8
"Querétaro",2019,"V10",68,9
"Querétaro",2019,"V11",57,10
"Querétaro",2019,"V12",77,11
"Querétaro",2019,"V13",74,12
"Querétaro",2019,"V14",65,13
"Querétaro",2019,"V15",66,14
"Querétaro",2019,"V16",53,15
"Querétaro",2019,"V17",51,16
"Querétaro",2019,"V18",45,17
"Querétaro",2019,"V19",50,18
"Querétaro",2019,"V20",23,19
"Quintana Roo",2019,"V2",34,1
"Quintana Roo",2019,"V3",23,2
"Quintana Roo",2019,"V4",14,3
"Quintana Roo",2019,"V5",34,4
"Quintana Roo",2019,"V6",16,5
"Quintana Roo",2019,"V7",17,6
"Quintana Roo",2019,"V8",16,7
"Quintana Roo",2019,"V9",29,8
"Quintana Roo",2019,"V10",15,9
"Quintana Roo",2019,"V11",20,10
"Quintana Roo",2019,"V12",36,11
"Quintana Roo",2019,"V13",32,12
"Quintana Roo",2019,"V14",12,13
"Quintana Roo",2019,"V15",19,14
"Quintana Roo",2019,"V16",31,15
"Quintana Roo",2019,"V17",9,16
"Quintana Roo",2019,"V18",9,17
"Quintana Roo",2019,"V19",14,18
"Quintana Roo",2019,"V20",9,19
"San Luis Potosí",2019,"V2",74,1
"San Luis Potosí",2019,"V3",132,2
"San Luis Potosí",2019,"V4",132,3
"San Luis Potosí",2019,"V5",83,4
"San Luis Potosí",2019,"V6",151,5
"San Luis Potosí",2019,"V7",118,6
"San Luis Potosí",2019,"V8",155,7
"San Luis Potosí",2019,"V9",157,8
"San Luis Potosí",2019,"V10",154,9
"San Luis Potosí",2019,"V11",130,10
"San Luis Potosí",2019,"V12",105,11
"San Luis Potosí",2019,"V13",126,12
"San Luis Potosí",2019,"V14",101,13
"San Luis Potosí",2019,"V15",91,14
"San Luis Potosí",2019,"V16",77,15
"San Luis Potosí",2019,"V17",73,16
"San Luis Potosí",2019,"V18",96,17
"San Luis Potosí",2019,"V19",64,18
"San Luis Potosí",2019,"V20",51,19
"Sinaloa",2019,"V2",68,1
"Sinaloa",2019,"V3",124,2
"Sinaloa",2019,"V4",136,3
"Sinaloa",2019,"V5",136,4
"Sinaloa",2019,"V6",127,5
"Sinaloa",2019,"V7",90,6
"Sinaloa",2019,"V8",124,7
"Sinaloa",2019,"V9",120,8
"Sinaloa",2019,"V10",143,9
"Sinaloa",2019,"V11",93,10
"Sinaloa",2019,"V12",84,11
"Sinaloa",2019,"V13",96,12
"Sinaloa",2019,"V14",81,13
"Sinaloa",2019,"V15",97,14
"Sinaloa",2019,"V16",87,15
"Sinaloa",2019,"V17",61,16
"Sinaloa",2019,"V18",72,17
"Sinaloa",2019,"V19",77,18
"Sinaloa",2019,"V20",55,19
"Sonora",2019,"V2",220,1
"Sonora",2019,"V3",270,2
"Sonora",2019,"V4",304,3
"Sonora",2019,"V5",186,4
"Sonora",2019,"V6",211,5
"Sonora",2019,"V7",142,6
"Sonora",2019,"V8",268,7
"Sonora",2019,"V9",269,8
"Sonora",2019,"V10",277,9
"Sonora",2019,"V11",228,10
"Sonora",2019,"V12",235,11
"Sonora",2019,"V13",202,12
"Sonora",2019,"V14",210,13
"Sonora",2019,"V15",143,14
"Sonora",2019,"V16",182,15
"Sonora",2019,"V17",164,16
"Sonora",2019,"V18",130,17
"Sonora",2019,"V19",110,18
"Sonora",2019,"V20",118,19
"Tabasco",2019,"V2",31,1
"Tabasco",2019,"V3",19,2
"Tabasco",2019,"V4",20,3
"Tabasco",2019,"V5",18,4
"Tabasco",2019,"V6",15,5
"Tabasco",2019,"V7",20,6
"Tabasco",2019,"V8",12,7
"Tabasco",2019,"V9",39,8
"Tabasco",2019,"V10",8,9
"Tabasco",2019,"V11",15,10
"Tabasco",2019,"V12",13,11
"Tabasco",2019,"V13",13,12
"Tabasco",2019,"V14",18,13
"Tabasco",2019,"V15",18,14
"Tabasco",2019,"V16",9,15
"Tabasco",2019,"V17",6,16
"Tabasco",2019,"V18",17,17
"Tabasco",2019,"V19",11,18
"Tabasco",2019,"V20",14,19
"Tamaulipas",2019,"V2",128,1
"Tamaulipas",2019,"V3",127,2
"Tamaulipas",2019,"V4",160,3
"Tamaulipas",2019,"V5",146,4
"Tamaulipas",2019,"V6",178,5
"Tamaulipas",2019,"V7",231,6
"Tamaulipas",2019,"V8",239,7
"Tamaulipas",2019,"V9",156,8
"Tamaulipas",2019,"V10",172,9
"Tamaulipas",2019,"V11",151,10
"Tamaulipas",2019,"V12",138,11
"Tamaulipas",2019,"V13",107,12
"Tamaulipas",2019,"V14",112,13
"Tamaulipas",2019,"V15",88,14
"Tamaulipas",2019,"V16",83,15
"Tamaulipas",2019,"V17",64,16
"Tamaulipas",2019,"V18",70,17
"Tamaulipas",2019,"V19",52,18
"Tamaulipas",2019,"V20",50,19
"Tlaxcala",2019,"V2",48,1
"Tlaxcala",2019,"V3",34,2
"Tlaxcala",2019,"V4",53,3
"Tlaxcala",2019,"V5",45,4
"Tlaxcala",2019,"V6",50,5
"Tlaxcala",2019,"V7",56,6
"Tlaxcala",2019,"V8",35,7
"Tlaxcala",2019,"V9",31,8
"Tlaxcala",2019,"V10",47,9
"Tlaxcala",2019,"V11",36,10
"Tlaxcala",2019,"V12",45,11
"Tlaxcala",2019,"V13",25,12
"Tlaxcala",2019,"V14",27,13
"Tlaxcala",2019,"V15",22,14
"Tlaxcala",2019,"V16",28,15
"Tlaxcala",2019,"V17",23,16
"Tlaxcala",2019,"V18",13,17
"Tlaxcala",2019,"V19",7,18
"Tlaxcala",2019,"V20",13,19
"Veracruz",2019,"V2",92,1
"Veracruz",2019,"V3",85,2
"Veracruz",2019,"V4",115,3
"Veracruz",2019,"V5",87,4
"Veracruz",2019,"V6",126,5
"Veracruz",2019,"V7",115,6
"Veracruz",2019,"V8",125,7
"Veracruz",2019,"V9",117,8
"Veracruz",2019,"V10",80,9
"Veracruz",2019,"V11",100,10
"Veracruz",2019,"V12",102,11
"Veracruz",2019,"V13",105,12
"Veracruz",2019,"V14",63,13
"Veracruz",2019,"V15",88,14
"Veracruz",2019,"V16",91,15
"Veracruz",2019,"V17",46,16
"Veracruz",2019,"V18",94,17
"Veracruz",2019,"V19",73,18
"Veracruz",2019,"V20",76,19
"Yucatán",2019,"V2",35,1
"Yucatán",2019,"V3",49,2
"Yucatán",2019,"V4",38,3
"Yucatán",2019,"V5",41,4
"Yucatán",2019,"V6",35,5
"Yucatán",2019,"V7",55,6
"Yucatán",2019,"V8",24,7
"Yucatán",2019,"V9",27,8
"Yucatán",2019,"V10",25,9
"Yucatán",2019,"V11",34,10
"Yucatán",2019,"V12",21,11
"Yucatán",2019,"V13",14,12
"Yucatán",2019,"V14",35,13
"Yucatán",2019,"V15",21,14
"Yucatán",2019,"V16",27,15
"Yucatán",2019,"V17",29,16
"Yucatán",2019,"V18",25,17
"Yucatán",2019,"V19",20,18
"Yucatán",2019,"V20",15,19
"Zacatecas",2019,"V2",79,1
"Zacatecas",2019,"V3",133,2
"Zacatecas",2019,"V4",138,3
"Zacatecas",2019,"V5",123,4
"Zacatecas",2019,"V6",150,5
"Zacatecas",2019,"V7",125,6
"Zacatecas",2019,"V8",136,7
"Zacatecas",2019,"V9",104,8
"Zacatecas",2019,"V10",67,9
"Zacatecas",2019,"V11",117,10
"Zacatecas",2019,"V12",105,11
"Zacatecas",2019,"V13",83,12
"Zacatecas",2019,"V14",82,13
"Zacatecas",2019,"V15",69,14
"Zacatecas",2019,"V16",59,15
"Zacatecas",2019,"V17",45,16
"Zacatecas",2019,"V18",54,17
"Zacatecas",2019,"V19",46,18
"Zacatecas",2019,"V20",61,19
"TOTAL",2019,"V2",4004,1
"TOTAL",2019,"V3",4292,2
"TOTAL",2019,"V4",4262,3
"TOTAL",2019,"V5",3997,4
"TOTAL",2019,"V6",4416,5
"TOTAL",2019,"V7",3727,6
"TOTAL",2019,"V8",4093,7
"TOTAL",2019,"V9",3855,8
"TOTAL",2019,"V10",3660,9
"TOTAL",2019,"V11",3557,10
"TOTAL",2019,"V12",3221,11
"TOTAL",2019,"V13",2911,12
"TOTAL",2019,"V14",2945,13
"TOTAL",2019,"V15",2706,14
"TOTAL",2019,"V16",2431,15
"TOTAL",2019,"V17",2235,16
"TOTAL",2019,"V18",2258,17
"TOTAL",2019,"V19",1937,18
"TOTAL",2019,"V20",1694,19
"Aguascalientes",2018,"V2",49,1
"Aguascalientes",2018,"V3",28,2
"Aguascalientes",2018,"V4",33,3
"Aguascalientes",2018,"V5",41,4
"Aguascalientes",2018,"V6",34,5
"Aguascalientes",2018,"V7",42,6
"Aguascalientes",2018,"V8",38,7
"Aguascalientes",2018,"V9",33,8
"Aguascalientes",2018,"V10",29,9
"Aguascalientes",2018,"V11",34,10
"Aguascalientes",2018,"V12",22,11
"Aguascalientes",2018,"V13",33,12
"Aguascalientes",2018,"V14",15,13
"Aguascalientes",2018,"V15",23,14
"Aguascalientes",2018,"V16",27,15
"Aguascalientes",2018,"V17",18,16
"Aguascalientes",2018,"V18",14,17
"Aguascalientes",2018,"V19",13,18
"Aguascalientes",2018,"V20",26,19
"Baja California",2018,"V2",201,1
"Baja California",2018,"V3",166,2
"Baja California",2018,"V4",144,3
"Baja California",2018,"V5",118,4
"Baja California",2018,"V6",105,5
"Baja California",2018,"V7",117,6
"Baja California",2018,"V8",135,7
"Baja California",2018,"V9",78,8
"Baja California",2018,"V10",116,9
"Baja California",2018,"V11",93,10
"Baja California",2018,"V12",123,11
"Baja California",2018,"V13",73,12
"Baja California",2018,"V14",76,13
"Baja California",2018,"V15",77,14
"Baja California",2018,"V16",83,15
"Baja California",2018,"V17",66,16
"Baja California",2018,"V18",77,17
"Baja California",2018,"V19",72,18
"Baja California",2018,"V20",74,19
"Baja California Sur",2018,"V2",12,1
"Baja California Sur",2018,"V3",9,2
"Baja California Sur",2018,"V4",14,3
"Baja California Sur",2018,"V5",5,4
"Baja California Sur",2018,"V6",14,5
"Baja California Sur",2018,"V7",15,6
"Baja California Sur",2018,"V8",13,7
"Baja California Sur",2018,"V9",3,8
"Baja California Sur",2018,"V10",12,9
"Baja California Sur",2018,"V11",15,10
"Baja California Sur",2018,"V12",21,11
"Baja California Sur",2018,"V13",14,12
"Baja California Sur",2018,"V14",12,13
"Baja California Sur",2018,"V15",13,14
"Baja California Sur",2018,"V16",12,15
"Baja California Sur",2018,"V17",8,16
"Baja California Sur",2018,"V18",7,17
"Baja California Sur",2018,"V19",12,18
"Baja California Sur",2018,"V20",8,19
"Campeche",2018,"V2",6,1
"Campeche",2018,"V3",13,2
"Campeche",2018,"V4",14,3
"Campeche",2018,"V5",13,4
"Campeche",2018,"V6",10,5
"Campeche",2018,"V7",18,6
"Campeche",2018,"V8",7,7
"Campeche",2018,"V9",5,8
"Campeche",2018,"V10",8,9
"Campeche",2018,"V11",18,10
"Campeche",2018,"V12",14,11
"Campeche",2018,"V13",16,12
"Campeche",2018,"V14",8,13
"Campeche",2018,"V15",18,14
"Campeche",2018,"V16",8,15
"Campeche",2018,"V17",4,16
"Campeche",2018,"V18",8,17
"Campeche",2018,"V19",12,18
"Campeche",2018,"V20",5,19
"Coahuila",2018,"V2",93,1
"Coahuila",2018,"V3",109,2
"Coahuila",2018,"V4",81,3
"Coahuila",2018,"V5",86,4
"Coahuila",2018,"V6",73,5
"Coahuila",2018,"V7",104,6
"Coahuila",2018,"V8",80,7
"Coahuila",2018,"V9",75,8
"Coahuila",2018,"V10",63,9
"Coahuila",2018,"V11",76,10
"Coahuila",2018,"V12",49,11
"Coahuila",2018,"V13",30,12
"Coahuila",2018,"V14",26,13
"Coahuila",2018,"V15",54,14
"Coahuila",2018,"V16",54,15
"Coahuila",2018,"V17",42,16
"Coahuila",2018,"V18",24,17
"Coahuila",2018,"V19",14,18
"Coahuila",2018,"V20",27,19
"Colima",2018,"V2",21,1
"Colima",2018,"V3",14,2
"Colima",2018,"V4",20,3
"Colima",2018,"V5",21,4
"Colima",2018,"V6",16,5
"Colima",2018,"V7",16,6
"Colima",2018,"V8",18,7
"Colima",2018,"V9",15,8
"Colima",2018,"V10",16,9
"Colima",2018,"V11",14,10
"Colima",2018,"V12",20,11
"Colima",2018,"V13",20,12
"Colima",2018,"V14",22,13
"Colima",2018,"V15",14,14
"Colima",2018,"V16",9,15
"Colima",2018,"V17",30,16
"Colima",2018,"V18",13,17
"Colima",2018,"V19",14,18
"Colima",2018,"V20",9,19
"Chiapas",2018,"V2",31,1
"Chiapas",2018,"V3",29,2
"Chiapas",2018,"V4",21,3
"Chiapas",2018,"V5",33,4
"Chiapas",2018,"V6",25,5
"Chiapas",2018,"V7",32,6
"Chiapas",2018,"V8",31,7
"Chiapas",2018,"V9",45,8
"Chiapas",2018,"V10",29,9
"Chiapas",2018,"V11",41,10
"Chiapas",2018,"V12",28,11
"Chiapas",2018,"V13",49,12
"Chiapas",2018,"V14",29,13
"Chiapas",2018,"V15",13,14
"Chiapas",2018,"V16",31,15
"Chiapas",2018,"V17",35,16
"Chiapas",2018,"V18",27,17
"Chiapas",2018,"V19",17,18
"Chiapas",2018,"V20",41,19
"Chihuahua",2018,"V2",170,1
"Chihuahua",2018,"V3",224,2
"Chihuahua",2018,"V4",209,3
"Chihuahua",2018,"V5",252,4
"Chihuahua",2018,"V6",242,5
"Chihuahua",2018,"V7",185,6
"Chihuahua",2018,"V8",239,7
"Chihuahua",2018,"V9",194,8
"Chihuahua",2018,"V10",122,9
"Chihuahua",2018,"V11",171,10
"Chihuahua",2018,"V12",164,11
"Chihuahua",2018,"V13",124,12
"Chihuahua",2018,"V14",136,13
"Chihuahua",2018,"V15",95,14
"Chihuahua",2018,"V16",86,15
"Chihuahua",2018,"V17",90,16
"Chihuahua",2018,"V18",84,17
"Chihuahua",2018,"V19",57,18
"Chihuahua",2018,"V20",72,19
"Ciudad de México",2018,"V2",227,1
"Ciudad de México",2018,"V3",306,2
"Ciudad de México",2018,"V4",202,3
"Ciudad de México",2018,"V5",254,4
"Ciudad de México",2018,"V6",237,5
"Ciudad de México",2018,"V7",314,6
"Ciudad de México",2018,"V8",219,7
"Ciudad de México",2018,"V9",280,8
"Ciudad de México",2018,"V10",270,9
"Ciudad de México",2018,"V11",273,10
"Ciudad de México",2018,"V12",202,11
"Ciudad de México",2018,"V13",259,12
"Ciudad de México",2018,"V14",224,13
"Ciudad de México",2018,"V15",212,14
"Ciudad de México",2018,"V16",179,15
"Ciudad de México",2018,"V17",186,16
"Ciudad de México",2018,"V18",162,17
"Ciudad de México",2018,"V19",206,18
"Ciudad de México",2018,"V20",180,19
"Durango",2018,"V2",15,1
"Durango",2018,"V3",22,2
"Durango",2018,"V4",22,3
"Durango",2018,"V5",33,4
"Durango",2018,"V6",21,5
"Durango",2018,"V7",26,6
"Durango",2018,"V8",32,7
"Durango",2018,"V9",10,8
"Durango",2018,"V10",24,9
"Durango",2018,"V11",35,10
"Durango",2018,"V12",27,11
"Durango",2018,"V13",32,12
"Durango",2018,"V14",20,13
"Durango",2018,"V15",7,14
"Durango",2018,"V16",25,15
"Durango",2018,"V17",18,16
"Durango",2018,"V18",11,17
"Durango",2018,"V19",13,18
"Durango",2018,"V20",11,19
"Guanajuato",2018,"V2",169,1
"Guanajuato",2018,"V3",119,2
"Guanajuato",2018,"V4",112,3
"Guanajuato",2018,"V5",108,4
"Guanajuato",2018,"V6",131,5
"Guanajuato",2018,"V7",155,6
"Guanajuato",2018,"V8",136,7
"Guanajuato",2018,"V9",145,8
"Guanajuato",2018,"V10",123,9
"Guanajuato",2018,"V11",100,10
"Guanajuato",2018,"V12",121,11
"Guanajuato",2018,"V13",102,12
"Guanajuato",2018,"V14",98,13
"Guanajuato",2018,"V15",93,14
"Guanajuato",2018,"V16",101,15
"Guanajuato",2018,"V17",80,16
"Guanajuato",2018,"V18",72,17
"Guanajuato",2018,"V19",84,18
"Guanajuato",2018,"V20",70,19
"Guerrero",2018,"V2",35,1
"Guerrero",2018,"V3",35,2
"Guerrero",2018,"V4",21,3
"Guerrero",2018,"V5",49,4
"Guerrero",2018,"V6",31,5
"Guerrero",2018,"V7",29,6
"Guerrero",2018,"V8",27,7
"Guerrero",2018,"V9",35,8
"Guerrero",2018,"V10",35,9
"Guerrero",2018,"V11",38,10
"Guerrero",2018,"V12",47,11
"Guerrero",2018,"V13",41,12
"Guerrero",2018,"V14",25,13
"Guerrero",2018,"V15",35,14
"Guerrero",2018,"V16",28,15
"Guerrero",2018,"V17",39,16
"Guerrero",2018,"V18",37,17
"Guerrero",2018,"V19",20,18
"Guerrero",2018,"V20",24,19
"Hidalgo",2018,"V2",69,1
"Hidalgo",2018,"V3",65,2
"Hidalgo",2018,"V4",64,3
"Hidalgo",2018,"V5",67,4
"Hidalgo",2018,"V6",59,5
"Hidalgo",2018,"V7",50,6
"Hidalgo",2018,"V8",50,7
"Hidalgo",2018,"V9",54,8
"Hidalgo",2018,"V10",68,9
"Hidalgo",2018,"V11",53,10
"Hidalgo",2018,"V12",80,11
"Hidalgo",2018,"V13",69,12
"Hidalgo",2018,"V14",49,13
"Hidalgo",2018,"V15",49,14
"Hidalgo",2018,"V16",37,15
"Hidalgo",2018,"V17",45,16
"Hidalgo",2018,"V18",31,17
"Hidalgo",2018,"V19",31,18
"Hidalgo",2018,"V20",21,19
"Jalisco",2018,"V2",594,1
"Jalisco",2018,"V3",589,2
"Jalisco",2018,"V4",572,3
"Jalisco",2018,"V5",666,4
"Jalisco",2018,"V6",603,5
"Jalisco",2018,"V7",549,6
"Jalisco",2018,"V8",527,7
"Jalisco",2018,"V9",477,8
"Jalisco",2018,"V10",492,9
"Jalisco",2018,"V11",456,10
"Jalisco",2018,"V12",492,11
"Jalisco",2018,"V13",406,12
"Jalisco",2018,"V14",389,13
"Jalisco",2018,"V15",396,14
"Jalisco",2018,"V16",398,15
"Jalisco",2018,"V17",419,16
"Jalisco",2018,"V18",338,17
"Jalisco",2018,"V19",390,18
"Jalisco",2018,"V20",342,19
"México",2018,"V2",199,1
"México",2018,"V3",224,2
"México",2018,"V4",263,3
"México",2018,"V5",183,4
"México",2018,"V6",227,5
"México",2018,"V7",211,6
"México",2018,"V8",215,7
"México",2018,"V9",195,8
"México",2018,"V10",204,9
"México",2018,"V11",200,10
"México",2018,"V12",205,11
"México",2018,"V13",200,12
"México",2018,"V14",172,13
"México",2018,"V15",191,14
"México",2018,"V16",182,15
"México",2018,"V17",148,16
"México",2018,"V18",145,17
"México",2018,"V19",120,18
"México",2018,"V20",122,19
"Michoacán",2018,"V2",30,1
"Michoacán",2018,"V3",47,2
"Michoacán",2018,"V4",43,3
"Michoacán",2018,"V5",44,4
"Michoacán",2018,"V6",65,5
"Michoacán",2018,"V7",55,6
"Michoacán",2018,"V8",65,7
"Michoacán",2018,"V9",36,8
"Michoacán",2018,"V10",46,9
"Michoacán",2018,"V11",48,10
"Michoacán",2018,"V12",32,11
"Michoacán",2018,"V13",30,12
"Michoacán",2018,"V14",26,13
"Michoacán",2018,"V15",40,14
"Michoacán",2018,"V16",45,15
"Michoacán",2018,"V17",47,16
"Michoacán",2018,"V18",25,17
"Michoacán",2018,"V19",15,18
"Michoacán",2018,"V20",25,19
"Morelos",2018,"V2",10,1
"Morelos",2018,"V3",10,2
"Morelos",2018,"V4",13,3
"Morelos",2018,"V5",19,4
"Morelos",2018,"V6",23,5
"Morelos",2018,"V7",19,6
"Morelos",2018,"V8",21,7
"Morelos",2018,"V9",11,8
"Morelos",2018,"V10",20,9
"Morelos",2018,"V11",20,10
"Morelos",2018,"V12",14,11
"Morelos",2018,"V13",13,12
"Morelos",2018,"V14",10,13
"Morelos",2018,"V15",14,14
"Morelos",2018,"V16",15,15
"Morelos",2018,"V17",5,16
"Morelos",2018,"V18",11,17
"Morelos",2018,"V19",12,18
"Morelos",2018,"V20",20,19
"Nayarit",2018,"V2",15,1
"Nayarit",2018,"V3",14,2
"Nayarit",2018,"V4",21,3
"Nayarit",2018,"V5",34,4
"Nayarit",2018,"V6",31,5
"Nayarit",2018,"V7",40,6
"Nayarit",2018,"V8",23,7
"Nayarit",2018,"V9",28,8
"Nayarit",2018,"V10",24,9
"Nayarit",2018,"V11",11,10
"Nayarit",2018,"V12",5,11
"Nayarit",2018,"V13",24,12
"Nayarit",2018,"V14",6,13
"Nayarit",2018,"V15",36,14
"Nayarit",2018,"V16",10,15
"Nayarit",2018,"V17",9,16
"Nayarit",2018,"V18",23,17
"Nayarit",2018,"V19",13,18
"Nayarit",2018,"V20",14,19
"Nuevo León",2018,"V2",138,1
"Nuevo León",2018,"V3",131,2
"Nuevo León",2018,"V4",99,3
"Nuevo León",2018,"V5",107,4
"Nuevo León",2018,"V6",83,5
"Nuevo León",2018,"V7",84,6
"Nuevo León",2018,"V8",112,7
"Nuevo León",2018,"V9",85,8
"Nuevo León",2018,"V10",122,9
"Nuevo León",2018,"V11",124,10
"Nuevo León",2018,"V12",89,11
"Nuevo León",2018,"V13",84,12
"Nuevo León",2018,"V14",75,13
"Nuevo León",2018,"V15",57,14
"Nuevo León",2018,"V16",67,15
"Nuevo León",2018,"V17",72,16
"Nuevo León",2018,"V18",57,17
"Nuevo León",2018,"V19",109,18
"Nuevo León",2018,"V20",48,19
"Oaxaca",2018,"V2",33,1
"Oaxaca",2018,"V3",19,2
"Oaxaca",2018,"V4",17,3
"Oaxaca",2018,"V5",4,4
"Oaxaca",2018,"V6",12,5
"Oaxaca",2018,"V7",12,6
"Oaxaca",2018,"V8",12,7
"Oaxaca",2018,"V9",10,8
"Oaxaca",2018,"V10",17,9
"Oaxaca",2018,"V11",22,10
"Oaxaca",2018,"V12",39,11
"Oaxaca",2018,"V13",18,12
"Oaxaca",2018,"V14",28,13
"Oaxaca",2018,"V15",32,14
"Oaxaca",2018,"V16",20,15
"Oaxaca",2018,"V17",24,16
"Oaxaca",2018,"V18",22,17
"Oaxaca",2018,"V19",27,18
"Oaxaca",2018,"V20",17,19
"Puebla",2018,"V2",95,1
"Puebla",2018,"V3",89,2
"Puebla",2018,"V4",81,3
"Puebla",2018,"V5",100,4
"Puebla",2018,"V6",89,5
"Puebla",2018,"V7",75,6
"Puebla",2018,"V8",75,7
"Puebla",2018,"V9",53,8
"Puebla",2018,"V10",98,9
"Puebla",2018,"V11",67,10
"Puebla",2018,"V12",80,11
"Puebla",2018,"V13",86,12
"Puebla",2018,"V14",77,13
"Puebla",2018,"V15",73,14
"Puebla",2018,"V16",50,15
"Puebla",2018,"V17",63,16
"Puebla",2018,"V18",64,17
"Puebla",2018,"V19",49,18
"Puebla",2018,"V20",49,19
"Querétaro",2018,"V2",41,1
"Querétaro",2018,"V3",35,2
"Querétaro",2018,"V4",52,3
"Querétaro",2018,"V5",51,4
"Querétaro",2018,"V6",43,5
"Querétaro",2018,"V7",58,6
"Querétaro",2018,"V8",51,7
"Querétaro",2018,"V9",51,8
"Querétaro",2018,"V10",28,9
"Querétaro",2018,"V11",37,10
"Querétaro",2018,"V12",36,11
"Querétaro",2018,"V13",32,12
"Querétaro",2018,"V14",29,13
"Querétaro",2018,"V15",35,14
"Querétaro",2018,"V16",34,15
"Querétaro",2018,"V17",20,16
"Querétaro",2018,"V18",34,17
"Querétaro",2018,"V19",24,18
"Querétaro",2018,"V20",16,19
"Quintana Roo",2018,"V2",11,1
"Quintana Roo",2018,"V3",19,2
"Quintana Roo",2018,"V4",124,3
"Quintana Roo",2018,"V5",21,4
"Quintana Roo",2018,"V6",10,5
"Quintana Roo",2018,"V7",19,6
"Quintana Roo",2018,"V8",11,7
"Quintana Roo",2018,"V9",92,8
"Quintana Roo",2018,"V10",14,9
"Quintana Roo",2018,"V11",25,10
"Quintana Roo",2018,"V12",12,11
"Quintana Roo",2018,"V13",35,12
"Quintana Roo",2018,"V14",11,13
"Quintana Roo",2018,"V15",10,14
"Quintana Roo",2018,"V16",18,15
"Quintana Roo",2018,"V17",17,16
"Quintana Roo",2018,"V18",48,17
"Quintana Roo",2018,"V19",21,18
"Quintana Roo",2018,"V20",7,19
"San Luis Potosí",2018,"V2",90,1
"San Luis Potosí",2018,"V3",110,2
"San Luis Potosí",2018,"V4",114,3
"San Luis Potosí",2018,"V5",95,4
"San Luis Potosí",2018,"V6",120,5
"San Luis Potosí",2018,"V7",119,6
"San Luis Potosí",2018,"V8",150,7
"San Luis Potosí",2018,"V9",114,8
"San Luis Potosí",2018,"V10",148,9
"San Luis Potosí",2018,"V11",91,10
"San Luis Potosí",2018,"V12",144,11
"San Luis Potosí",2018,"V13",86,12
"San Luis Potosí",2018,"V14",73,13
"San Luis Potosí",2018,"V15",83,14
"San Luis Potosí",2018,"V16",81,15
"San Luis Potosí",2018,"V17",72,16
"San Luis Potosí",2018,"V18",73,17
"San Luis Potosí",2018,"V19",55,18
"San Luis Potosí",2018,"V20",56,19
"Sinaloa",2018,"V2",75,1
"Sinaloa",2018,"V3",82,2
"Sinaloa",2018,"V4",95,3
"Sinaloa",2018,"V5",91,4
"Sinaloa",2018,"V6",63,5
"Sinaloa",2018,"V7",85,6
"Sinaloa",2018,"V8",80,7
"Sinaloa",2018,"V9",75,8
"Sinaloa",2018,"V10",69,9
"Sinaloa",2018,"V11",113,10
"Sinaloa",2018,"V12",91,11
"Sinaloa",2018,"V13",98,12
"Sinaloa",2018,"V14",54,13
"Sinaloa",2018,"V15",66,14
"Sinaloa",2018,"V16",72,15
"Sinaloa",2018,"V17",88,16
"Sinaloa",2018,"V18",53,17
"Sinaloa",2018,"V19",46,18
"Sinaloa",2018,"V20",60,19
"Sonora",2018,"V2",210,1
"Sonora",2018,"V3",237,2
"Sonora",2018,"V4",262,3
"Sonora",2018,"V5",222,4
"Sonora",2018,"V6",180,5
"Sonora",2018,"V7",264,6
"Sonora",2018,"V8",192,7
"Sonora",2018,"V9",286,8
"Sonora",2018,"V10",311,9
"Sonora",2018,"V11",188,10
"Sonora",2018,"V12",210,11
"Sonora",2018,"V13",133,12
"Sonora",2018,"V14",177,13
"Sonora",2018,"V15",121,14
"Sonora",2018,"V16",179,15
"Sonora",2018,"V17",155,16
"Sonora",2018,"V18",137,17
"Sonora",2018,"V19",135,18
"Sonora",2018,"V20",122,19
"Tabasco",2018,"V2",7,1
"Tabasco",2018,"V3",15,2
"Tabasco",2018,"V4",16,3
"Tabasco",2018,"V5",20,4
"Tabasco",2018,"V6",14,5
"Tabasco",2018,"V7",21,6
"Tabasco",2018,"V8",10,7
"Tabasco",2018,"V9",18,8
"Tabasco",2018,"V10",17,9
"Tabasco",2018,"V11",14,10
"Tabasco",2018,"V12",19,11
"Tabasco",2018,"V13",6,12
"Tabasco",2018,"V14",19,13
"Tabasco",2018,"V15",4,14
"Tabasco",2018,"V16",5,15
"Tabasco",2018,"V17",13,16
"Tabasco",2018,"V18",8,17
"Tabasco",2018,"V19",9,18
"Tabasco",2018,"V20",10,19
"Tamaulipas",2018,"V2",142,1
"Tamaulipas",2018,"V3",203,2
"Tamaulipas",2018,"V4",146,3
"Tamaulipas",2018,"V5",168,4
"Tamaulipas",2018,"V6",137,5
"Tamaulipas",2018,"V7",150,6
"Tamaulipas",2018,"V8",187,7
"Tamaulipas",2018,"V9",113,8
"Tamaulipas",2018,"V10",147,9
"Tamaulipas",2018,"V11",122,10
"Tamaulipas",2018,"V12",139,11
"Tamaulipas",2018,"V13",96,12
"Tamaulipas",2018,"V14",58,13
"Tamaulipas",2018,"V15",71,14
"Tamaulipas",2018,"V16",81,15
"Tamaulipas",2018,"V17",54,16
"Tamaulipas",2018,"V18",67,17
"Tamaulipas",2018,"V19",64,18
"Tamaulipas",2018,"V20",94,19
"Tlaxcala",2018,"V2",27,1
"Tlaxcala",2018,"V3",22,2
"Tlaxcala",2018,"V4",48,3
"Tlaxcala",2018,"V5",32,4
"Tlaxcala",2018,"V6",28,5
"Tlaxcala",2018,"V7",26,6
"Tlaxcala",2018,"V8",26,7
"Tlaxcala",2018,"V9",33,8
"Tlaxcala",2018,"V10",26,9
"Tlaxcala",2018,"V11",17,10
"Tlaxcala",2018,"V12",32,11
"Tlaxcala",2018,"V13",15,12
"Tlaxcala",2018,"V14",16,13
"Tlaxcala",2018,"V15",18,14
"Tlaxcala",2018,"V16",17,15
"Tlaxcala",2018,"V17",19,16
"Tlaxcala",2018,"V18",17,17
"Tlaxcala",2018,"V19",11,18
"Tlaxcala",2018,"V20",15,19
"Veracruz",2018,"V2",85,1
"Veracruz",2018,"V3",90,2
"Veracruz",2018,"V4",98,3
"Veracruz",2018,"V5",91,4
"Veracruz",2018,"V6",78,5
"Veracruz",2018,"V7",92,6
"Veracruz",2018,"V8",87,7
"Veracruz",2018,"V9",80,8
"Veracruz",2018,"V10",82,9
"Veracruz",2018,"V11",71,10
"Veracruz",2018,"V12",95,11
"Veracruz",2018,"V13",84,12
"Veracruz",2018,"V14",82,13
"Veracruz",2018,"V15",98,14
"Veracruz",2018,"V16",106,15
"Veracruz",2018,"V17",78,16
"Veracruz",2018,"V18",95,17
"Veracruz",2018,"V19",84,18
"Veracruz",2018,"V20",82,19
"Yucatán",2018,"V2",43,1
"Yucatán",2018,"V3",56,2
"Yucatán",2018,"V4",29,3
"Yucatán",2018,"V5",32,4
"Yucatán",2018,"V6",29,5
"Yucatán",2018,"V7",23,6
"Yucatán",2018,"V8",32,7
"Yucatán",2018,"V9",22,8
"Yucatán",2018,"V10",35,9
"Yucatán",2018,"V11",39,10
"Yucatán",2018,"V12",38,11
"Yucatán",2018,"V13",42,12
"Yucatán",2018,"V14",39,13
"Yucatán",2018,"V15",33,14
"Yucatán",2018,"V16",33,15
"Yucatán",2018,"V17",29,16
"Yucatán",2018,"V18",24,17
"Yucatán",2018,"V19",17,18
"Yucatán",2018,"V20",28,19
"Zacatecas",2018,"V2",107,1
"Zacatecas",2018,"V3",93,2
"Zacatecas",2018,"V4",90,3
"Zacatecas",2018,"V5",86,4
"Zacatecas",2018,"V6",88,5
"Zacatecas",2018,"V7",58,6
"Zacatecas",2018,"V8",70,7
"Zacatecas",2018,"V9",62,8
"Zacatecas",2018,"V10",54,9
"Zacatecas",2018,"V11",54,10
"Zacatecas",2018,"V12",59,11
"Zacatecas",2018,"V13",56,12
"Zacatecas",2018,"V14",47,13
"Zacatecas",2018,"V15",47,14
"Zacatecas",2018,"V16",47,15
"Zacatecas",2018,"V17",39,16
"Zacatecas",2018,"V18",23,17
"Zacatecas",2018,"V19",23,18
"Zacatecas",2018,"V20",21,19
"TOTAL",2018,"V2",3050,1
"TOTAL",2018,"V3",3224,2
"TOTAL",2018,"V4",3140,3
"TOTAL",2018,"V5",3146,4
"TOTAL",2018,"V6",2921,5
"TOTAL",2018,"V7",3063,6
"TOTAL",2018,"V8",2971,7
"TOTAL",2018,"V9",2813,8
"TOTAL",2018,"V10",2869,9
"TOTAL",2018,"V11",2680,10
"TOTAL",2018,"V12",2749,11
"TOTAL",2018,"V13",2406,12
"TOTAL",2018,"V14",2128,13
"TOTAL",2018,"V15",2128,14
"TOTAL",2018,"V16",2140,15
"TOTAL",2018,"V17",2032,16
"TOTAL",2018,"V18",1831,17
"TOTAL",2018,"V19",1789,18
"TOTAL",2018,"V20",1716,19
