"alcald√≠a","n","X.","n.1","X..1","X","positividad....","X.1","X.2","procesadas","X.3","n.2","X.4","X..2","week",,,,,,,,
"AZCAPOTZALCO",47,2.4,6,2.4,26.1,"NA","NA",23,"NA",0,"NA",0,"NA",1,,,,,,,,
"COYOACAN",194,10.1,33,13.3,32.4,"NA","NA",102,"NA",1,"NA",25,"NA",1,,,,,,,,
"CUAJIMALPA DE MORELOS",66,3.4,4,1.6,44.4,"NA","NA",9,"NA",0,"NA",0,"NA",1,,,,,,,,
"GUSTAVO A. MADERO",392,20.3,44,17.7,22.1,"NA","NA",199,"NA",1,"NA",25,"NA",1,,,,,,,,
"IZTACALCO",67,3.5,8,3.2,26.7,"NA","NA",30,"NA",0,"NA",0,"NA",1,,,,,,,,
"IZTAPALAPA",231,12,31,12.5,23.3,"NA","NA",133,"NA",1,"NA",25,"NA",1,,,,,,,,
"LA MAGDALENA CONTRERA",50,2.6,9,3.6,27.3,"NA","NA",33,"NA",0,"NA",0,"NA",1,,,,,,,,
"MILPA ALTA",14,0.7,1,0.4,10,"NA","NA",10,"NA",0,"NA",0,"NA",1,,,,,,,,
"ALVARO OBREGON",198,10.3,19,"NA","NA","NA","NA",71,"NA",0,"NA",0,"NA",1,,,,,,,,
"TLAHUAC",62,3.2,6,2.4,25,"NA","NA",24,"NA",0,"NA",0,"NA",1,,,,,,,,
"TLALPAN",214,11.1,36,14.5,26.3,"NA","NA",137,"NA",0,"NA",0,"NA",1,,,,,,,,
"XOCHIMILCO",106,5.5,13,5.2,28.3,"NA","NA",46,"NA",1,"NA",25,"NA",1,,,,,,,,
"BENITO JUAREZ",80,4.1,7,2.8,21.9,"NA","NA",32,"NA",0,"NA",0,"NA",1,,,,,,,,
"CUAUHTEMOC",107,5.5,21,8.5,42,"NA","NA",50,"NA",0,"NA",0,"NA",1,,,,,,,,
"MIGUEL HIDALGO",36,1.9,2,0.8,13.3,"NA","NA",15,"NA",0,"NA",0,"NA",1,,,,,,,,
"VENUSTIANO CARRANZA",66,3.4,8,3.2,24.2,"NA","NA",33,"NA",0,"NA",0,"NA",1,,,,,,,,
"AZCAPOTZALCO",56,2.5,8,2.5,"NA",27.6,"NA","NA",29,"NA",0,"NA",0,2,,,,,,,,
"COYOACAN",231,10.3,42,13.2,"NA",35.6,"NA","NA",118,"NA",2,"NA",33.3,2,,,,,,,,
"CUAJIMALPA DE MORELOS",73,3.3,5,1.6,"NA",50,"NA","NA",10,"NA",0,"NA",0,2,,,,,,,,
"GUSTAVO A. MADERO",451,20.1,52,16.3,"NA",24.4,"NA","NA",213,"NA",1,"NA",16.7,2,,,,,,,,
"IZTACALCO",78,3.5,9,2.8,"NA",27.3,"NA","NA",33,"NA",0,"NA",0,2,,,,,,,,
"IZTAPALAPA",273,12.2,45,14.1,"NA",28,"NA","NA",161,"NA",1,"NA",16.7,2,,,,,,,,
"LA MAGDALENA CONTRERA",60,2.7,12,3.8,"NA",30.8,"NA","NA",39,"NA",0,"NA",0,2,,,,,,,,
"MILPA ALTA",14,0.6,2,0.6,"NA",18.2,"NA","NA",11,"NA",0,"NA",0,2,,,,,,,,
"ALVARO OBREGON",249,11.1,27,"NA","NA","NA","NA","NA",86,"NA",0,"NA",0,2,,,,,,,,
"TLAHUAC",68,3,6,1.9,"NA",24,"NA","NA",25,"NA",0,"NA",0,2,,,,,,,,
"TLALPAN",239,10.6,43,13.5,"NA",28.1,"NA","NA",153,"NA",0,"NA",0,2,,,,,,,,
"XOCHIMILCO",112,5,16,5,"NA",31.4,"NA","NA",51,"NA",1,"NA",16.7,2,,,,,,,,
"BENITO JUAREZ",95,4.2,13,4.1,"NA",32.5,"NA","NA",40,"NA",0,"NA",0,2,,,,,,,,
"CUAUHTEMOC",121,5.4,25,7.8,"NA",43.1,"NA","NA",58,"NA",1,"NA",16.7,2,,,,,,,,
"MIGUEL HIDALGO",47,2.1,5,1.6,"NA",26.3,"NA","NA",19,"NA",0,"NA",0,2,,,,,,,,
"VENUSTIANO CARRANZA",79,3.5,9,2.8,"NA",24.3,"NA","NA",37,"NA",0,"NA",0,2,,,,,,,,
"AZCAPOTZALCO",61,2.4,15,3.8,40.5,37,0,0,"NA","NA","NA","NA","NA",3,,,,,,,,
"COYOACAN",268,10.5,48,12.3,35,137,2,25,"NA","NA","NA","NA","NA",3,,,,,,,,
"CUAJIMALPA DE MORELOS",79,3.1,6,1.5,54.5,11,0,0,"NA","NA","NA","NA","NA",3,,,,,,,,
"GUSTAVO A. MADERO",505,19.7,65,16.7,27.4,237,2,25,"NA","NA","NA","NA","NA",3,,,,,,,,
"IZTACALCO",89,3.5,13,3.3,32.5,40,0,0,"NA","NA","NA","NA","NA",3,,,,,,,,
"IZTAPALAPA",301,11.8,55,14.1,29.6,186,1,12.5,"NA","NA","NA","NA","NA",3,,,,,,,,
"LA MAGDALENA CONTRERA",72,2.8,13,3.3,31,42,0,0,"NA","NA","NA","NA","NA",3,,,,,,,,
"MILPA ALTA",14,0.5,2,0.5,18.2,11,0,0,"NA","NA","NA","NA","NA",3,,,,,,,,
"ALVARO OBREGON",295,11.5,33,"NA","NA",100,0,0,"NA","NA","NA","NA","NA",3,,,,,,,,
"TLAHUAC",75,2.9,7,1.8,26.9,26,0,0,"NA","NA","NA","NA","NA",3,,,,,,,,
"TLALPAN",278,10.9,49,12.6,28.5,172,1,12.5,"NA","NA","NA","NA","NA",3,,,,,,,,
"XOCHIMILCO",127,5,20,5.1,35.1,57,1,12.5,"NA","NA","NA","NA","NA",3,,,,,,,,
"BENITO JUAREZ",110,4.3,15,3.8,34.1,44,0,0,"NA","NA","NA","NA","NA",3,,,,,,,,
"CUAUHTEMOC",142,5.6,32,8.2,47.8,67,1,12.5,"NA","NA","NA","NA","NA",3,,,,,,,,
"MIGUEL HIDALGO",60,2.3,6,1.5,28.6,21,0,0,"NA","NA","NA","NA","NA",3,,,,,,,,
"VENUSTIANO CARRANZA",81,3.2,11,2.8,27.5,40,0,0,"NA","NA","NA","NA","NA",3,,,,,,,,
"AZCAPOTZALCO",65,3.2,11,2.8,27.5,40,0,0,"NA","NA","NA","NA","NA",4,,,,,,,,
"COYOACAN",315,3.2,11,2.8,27.5,40,0,0,"NA","NA","NA","NA","NA",4,,,,,,,,
"CUAJIMALPA DE MORELOS",81,3.2,11,2.8,27.5,40,0,0,"NA","NA","NA","NA","NA",4,,,,,,,,
"GUSTAVO A. MADERO",561,19.7,76,16,29,"NA","NA",262,"NA",2,"NA",22.2,"NA",4,,,,,,,,
"IZTACALCO",102,3.6,18,3.8,36.7,"NA","NA",49,"NA",0,"NA",0,"NA",4,,,,,,,,
"IZTAPALAPA",327,11.5,63,13.3,31.7,"NA","NA",199,"NA",2,"NA",22.2,"NA",4,,,,,,,,
"LA MAGDALENA CONTRERA",80,2.8,15,3.2,30.6,"NA","NA",49,"NA",0,"NA",0,"NA",4,,,,,,,,
"MILPA ALTA",16,0.6,3,0.6,25,"NA","NA",12,"NA",0,"NA",0,"NA",4,,,,,,,,
"ALVARO OBREGON",336,11.8,47,"NA","NA","NA","NA",119,"NA",0,"NA",0,"NA",4,,,,,,,,
"TLAHUAC",83,2.9,8,1.7,26.7,"NA","NA",30,"NA",0,"NA",0,"NA",4,,,,,,,,
"TLALPAN",300,10.6,61,12.9,31.4,"NA","NA",194,"NA",1,"NA",11.1,"NA",4,,,,,,,,
"XOCHIMILCO",143,5,24,5.1,36.9,"NA","NA",65,"NA",1,"NA",11.1,"NA",4,,,,,,,,
"BENITO JUAREZ",121,4.3,20,4.2,36.4,"NA","NA",55,"NA",0,"NA",0,"NA",4,,,,,,,,
"CUAUHTEMOC",153,5.4,39,8.2,50.6,"NA","NA",77,"NA",1,"NA",11.1,"NA",4,,,,,,,,
"MIGUEL HIDALGO",66,2.3,7,1.5,30.4,"NA","NA",23,"NA",0,"NA",0,"NA",4,,,,,,,,
"VENUSTIANO CARRANZA",94,3.3,12,2.5,29.3,"NA","NA",41,"NA",0,"NA",0,"NA",4,,,,,,,,
"AZCAPOTZALCO",67,3.3,12,2.5,29.3,"NA","NA",41,"NA",0,"NA",0,"NA",5,,,,,,,,
"COYOACAN",342,3.3,12,2.5,29.3,"NA","NA",41,"NA",0,"NA",0,"NA",5,,,,,,,,
"CUAJIMALPA DE MORELOS",88,"NA","NA","NA","NA","NA","NA","NA","NA","NA","NA","NA","NA",5,,,,,,,,
"GUSTAVO A. MADERO",593,19.5,83,16.1,30,"NA","NA",277,"NA",4,"NA",33.3,"NA",5,,,,,,,,
"IZTACALCO",107,3.5,20,3.9,39.2,"NA","NA",51,"NA",0,"NA",0,"NA",5,,,,,,,,
"IZTAPALAPA",367,12.1,71,13.8,33,"NA","NA",215,"NA",3,"NA",25,"NA",5,,,,,,,,
"LA MAGDALENA CONTRERA",84,2.8,15,2.9,30.6,"NA","NA",49,"NA",0,"NA",0,"NA",5,,,,,,,,
"MILPA ALTA",17,0.6,4,0.8,30.8,"NA","NA",13,"NA",0,"NA",0,"NA",5,,,,,,,,
"ALVARO OBREGON",354,11.6,53,"NA","NA","NA","NA",126,"NA",0,"NA",0,"NA",5,,,,,,,,
"TLAHUAC",88,2.9,11,2.1,32.4,"NA","NA",34,"NA",0,"NA",0,"NA",5,,,,,,,,
"TLALPAN",322,10.6,65,12.6,31.7,"NA","NA",205,"NA",1,"NA",8.3,"NA",5,,,,,,,,
"XOCHIMILCO",151,5,27,5.2,39.1,"NA","NA",69,"NA",1,"NA",8.3,"NA",5,,,,,,,,
"BENITO JUAREZ",132,4.3,20,3.9,36.4,"NA","NA",55,"NA",0,"NA",0,"NA",5,,,,,,,,
"CUAUHTEMOC",162,5.3,39,7.6,47.6,"NA","NA",82,"NA",1,"NA",8.3,"NA",5,,,,,,,,
"MIGUEL HIDALGO",71,2.3,7,1.4,29.2,"NA","NA",24,"NA",0,"NA",0,"NA",5,,,,,,,,
"VENUSTIANO CARRANZA",97,3.2,14,2.7,29.8,"NA","NA",47,"NA",0,"NA",0,"NA",5,,,,,,,,
"AZCAPOTZALCO",67,"NA",2.1,16,3,39,"NA",41,"NA",1,"NA",5.6,"NA",6,,,,,,,,
"COYOACAN",377,"NA",11.6,70,12.9,36.6,"NA",191,"NA",2,"NA",11.1,"NA",6,,,,,,,,
"CUAJIMALPA DE MORELOS",90,"NA",2.8,7,1.3,53.8,"NA",13,"NA",0,"NA",0,"NA",6,,,,,,,,
"GUSTAVO A. MADERO",627,"NA",19.3,85,15.7,30,"NA",283,"NA",8,"NA",44.4,"NA",6,,,,,,,,
"IZTACALCO",113,"NA",3.5,20,3.7,39.2,"NA",51,"NA",0,"NA",0,"NA",6,,,,,,,,
"IZTAPALAPA",394,"NA",12.1,76,14,33.2,"NA",229,"NA",3,"NA",16.7,"NA",6,,,,,,,,
"LA MAGDALENA CONTRERA",92,"NA",2.8,15,2.8,28.3,"NA",53,"NA",0,"NA",0,"NA",6,,,,,,,,
"MILPA ALTA",19,"NA",0.6,4,0.7,30.8,"NA",13,"NA",0,"NA",0,"NA",6,,,,,,,,
"ALVARO OBREGON",379,"NA",11.7,57,10.5,42.5,"NA",134,"NA",1,"NA",5.6,"NA",6,,,,,,,,
"TLAHUAC",91,"NA",2.8,13,2.4,35.1,"NA",37,"NA",0,"NA",0,"NA",6,,,,,,,,
"TLALPAN",346,"NA",10.6,67,12.4,31,"NA",216,"NA",1,"NA",5.6,"NA",6,,,,,,,,
"XOCHIMILCO",160,"NA",4.9,28,5.2,40,"NA",70,"NA",1,"NA",5.6,"NA",6,,,,,,,,
"BENITO JUAREZ",138,"NA",4.2,21,3.9,35.6,"NA",59,"NA",0,"NA",0,"NA",6,,,,,,,,
"CUAUHTEMOC",175,"NA",5.4,39,7.2,45.3,"NA",86,"NA",1,"NA",5.6,"NA",6,,,,,,,,
"MIGUEL HIDALGO",76,"NA",2.3,9,1.7,34.6,"NA",26,"NA",0,"NA",0,"NA",6,,,,,,,,
"VENUSTIANO CARRANZA",105,"NA",3.2,14,2.6,28.6,"NA",49,"NA",0,"NA",0,"NA",6,,,,,,,,
"AZCAPOTZALCO",72,2.1,16,2.8,38.1,"NA",42,"NA",1,"NA",5.6,"NA","NA",7,,,,,,,,
"COYOACAN",419,12.1,77,13.3,36.3,"NA",212,"NA",2,"NA",11.1,"NA","NA",7,,,,,,,,
"CUAJIMALPA DE MORELOS",99,2.9,8,1.4,47.1,"NA",17,"NA",0,"NA",0,"NA","NA",7,,,,,,,,
"GUSTAVO A. MADERO",659,19,91,15.7,30.6,"NA",297,"NA",8,"NA",44.4,"NA","NA",7,,,,,,,,
"IZTACALCO",117,3.4,22,3.8,37.9,"NA",58,"NA",0,"NA",0,"NA","NA",7,,,,,,,,
"IZTAPALAPA",416,12,83,14.3,32.7,"NA",254,"NA",3,"NA",16.7,"NA","NA",7,,,,,,,,
"LA MAGDALENA CONTRERA",96,2.8,17,2.9,28.8,"NA",59,"NA",0,"NA",0,"NA","NA",7,,,,,,,,
"MILPA ALTA",20,0.6,4,0.7,26.7,"NA",15,"NA",0,"NA",0,"NA","NA",7,,,,,,,,
"ALVARO OBREGON",402,11.6,63,10.8,42.3,"NA",149,"NA",1,"NA",5.6,"NA","NA",7,,,,,,,,
"TLAHUAC",98,2.8,13,2.2,32.5,"NA",40,"NA",0,"NA",0,"NA","NA",7,,,,,,,,
"TLALPAN",368,10.6,73,12.6,30.3,"NA",241,"NA",1,"NA",5.6,"NA","NA",7,,,,,,,,
"XOCHIMILCO",173,5,28,4.8,38.4,"NA",73,"NA",1,"NA",5.6,"NA","NA",7,,,,,,,,
"BENITO JUAREZ",150,4.3,21,3.6,33.3,"NA",63,"NA",0,"NA",0,"NA","NA",7,,,,,,,,
"CUAUHTEMOC",182,5.3,40,6.9,44,"NA",91,"NA",1,"NA",5.6,"NA","NA",7,,,,,,,,
"MIGUEL HIDALGO",84,2.4,10,1.7,33.3,"NA",30,"NA",0,"NA",0,"NA","NA",7,,,,,,,,
"VENUSTIANO CARRANZA",110,3.2,15,2.6,28.3,"NA",53,"NA",0,"NA",0,"NA","NA",7,,,,,,,,
"AZCAPOTZALCO",79,2.1,18,2.9,38.3,"NA",47,"NA",1,"NA",5,"NA","NA",8,,,,,,,,
"COYOACAN",455,12.4,81,13.2,35.2,"NA",230,"NA",2,"NA",10,"NA","NA",8,,,,,,,,
"CUAJIMALPA DE MORELOS",104,2.8,9,1.5,45,"NA",20,"NA",0,"NA",0,"NA","NA",8,,,,,,,,
"GUSTAVO A. MADERO",694,18.9,95,15.5,30.2,"NA",315,"NA",8,"NA",40,"NA","NA",8,,,,,,,,
"IZTACALCO",125,3.4,22,3.6,35.5,"NA",62,"NA",0,"NA",0,"NA","NA",8,,,,,,,,
"IZTAPALAPA",430,11.7,85,13.9,32.2,"NA",264,"NA",4,"NA",20,"NA","NA",8,,,,,,,,
"LA MAGDALENA CONTRERA",106,2.9,20,3.3,29,"NA",69,"NA",0,"NA",0,"NA","NA",8,,,,,,,,
"MILPA ALTA",25,0.7,6,1,31.6,"NA",19,"NA",0,"NA",0,"NA","NA",8,,,,,,,,
"ALVARO OBREGON",425,11.6,65,10.6,41.4,"NA",157,"NA",1,"NA",5,"NA","NA",8,,,,,,,,
"TLAHUAC",105,2.9,15,2.5,35.7,"NA",42,"NA",0,"NA",0,"NA","NA",8,,,,,,,,
"TLALPAN",393,10.7,76,12.4,29.9,"NA",254,"NA",1,"NA",5,"NA","NA",8,,,,,,,,
"XOCHIMILCO",181,4.9,31,5.1,38.8,"NA",80,"NA",1,"NA",5,"NA","NA",8,,,,,,,,
"BENITO JUAREZ",159,4.3,22,3.6,31.4,"NA",70,"NA",1,"NA",5,"NA","NA",8,,,,,,,,
"CUAUHTEMOC",188,5.1,40,6.5,42.6,"NA",94,"NA",1,"NA",5,"NA","NA",8,,,,,,,,
"MIGUEL HIDALGO",94,2.6,11,1.8,32.4,"NA",34,"NA",0,"NA",0,"NA","NA",8,,,,,,,,
"VENUSTIANO CARRANZA",113,3.1,16,2.6,28.6,"NA",56,"NA",0,"NA",0,"NA","NA",8,,,,,,,,
"AZCAPOTZALCO",84,"NA",2.2,18,2.8,37.5,"NA",48,"NA",1,"NA",4.2,"NA",9,,,,,,,,
"COYOACAN",480,"NA",12.3,86,13.5,36.4,"NA",236,"NA",3,"NA",12.5,"NA",9,,,,,,,,
"CUAJIMALPA DE MORELOS",106,"NA",2.7,9,1.4,40.9,"NA",22,"NA",0,"NA",0,"NA",9,,,,,,,,
"GUSTAVO A. MADERO",731,"NA",18.7,99,15.5,29.6,"NA",334,"NA",8,"NA",33.3,"NA",9,,,,,,,,
"IZTACALCO",127,"NA",3.3,22,3.4,35.5,"NA",62,"NA",0,"NA",0,"NA",9,,,,,,,,
"IZTAPALAPA",448,"NA",11.5,86,13.5,31.3,"NA",275,"NA",4,"NA",16.7,"NA",9,,,,,,,,
"LA MAGDALENA CONTRERA",115,"NA",2.9,24,3.8,32.9,"NA",73,"NA",0,"NA",0,"NA",9,,,,,,,,
"MILPA ALTA",27,"NA",0.7,7,1.1,33.3,"NA",21,"NA",0,"NA",0,"NA",9,,,,,,,,
"ALVARO OBREGON",466,"NA",11.9,67,10.5,41.6,"NA",161,"NA",1,"NA",4.2,"NA",9,,,,,,,,
"TLAHUAC",112,"NA",2.9,16,2.5,35.6,"NA",45,"NA",0,"NA",0,"NA",9,,,,,,,,
"TLALPAN",427,"NA",10.9,77,12.1,29.7,"NA",259,"NA",2,"NA",8.3,"NA",9,,,,,,,,
"XOCHIMILCO",201,"NA",5.2,32,5,36.4,"NA",88,"NA",2,"NA",8.3,"NA",9,,,,,,,,
"BENITO JUAREZ",168,"NA",4.3,24,3.8,32.4,"NA",74,"NA",1,"NA",4.2,"NA",9,,,,,,,,
"CUAUHTEMOC",196,"NA",5,41,6.4,42.3,"NA",97,"NA",1,"NA",4.2,"NA",9,,,,,,,,
"MIGUEL HIDALGO",96,"NA",2.5,12,1.9,33.3,"NA",36,"NA",1,"NA",4.2,"NA",9,,,,,,,,
"VENUSTIANO CARRANZA",117,"NA",3,18,2.8,30.5,"NA",59,"NA",0,"NA",0,"NA",9,,,,,,,,
"AZCAPOTZALCO",90,"NA",2.1,20,2.9,"NA",40,"NA",50,"NA",1,"NA",4.2,11,,,,,,,,
"COYOACAN",537,"NA",12.3,92,13.3,"NA",35.8,"NA",257,"NA",3,"NA",12.5,11,,,,,,,,
"CUAJIMALPA DE MORELOS",113,"NA",2.6,9,1.3,"NA",40.9,"NA",22,"NA",0,"NA",0,11,,,,,,,,
"GUSTAVO A. MADERO",813,"NA",18.6,109,15.8,"NA",29.8,"NA",366,"NA",8,"NA",33.3,11,,,,,,,,
"IZTACALCO",142,"NA",3.3,25,3.6,"NA",37.9,"NA",66,"NA",0,"NA",0,11,,,,,,,,
"IZTAPALAPA",503,"NA",11.5,91,13.2,"NA",31.3,"NA",291,"NA",4,"NA",16.7,11,,,,,,,,
"LA MAGDALENA CONTRERA",127,"NA",2.9,26,3.8,"NA",34.7,"NA",75,"NA",0,"NA",0,11,,,,,,,,
"MILPA ALTA",28,"NA",0.6,7,1,"NA",31.8,"NA",22,"NA",0,"NA",0,11,,,,,,,,
"ALVARO OBREGON",519,"NA",11.9,68,9.9,"NA",39.8,"NA",171,"NA",1,"NA",4.2,11,,,,,,,,
"TLAHUAC",122,"NA",2.8,16,2.3,"NA",33.3,"NA",48,"NA",0,"NA",0,11,,,,,,,,
"TLALPAN",488,"NA",11.2,86,12.5,"NA",30.5,"NA",282,"NA",2,"NA",8.3,11,,,,,,,,
"XOCHIMILCO",219,"NA",5,33,4.8,"NA",34.7,"NA",95,"NA",2,"NA",8.3,11,,,,,,,,
"BENITO JUAREZ",193,"NA",4.4,27,3.9,"NA",34.2,"NA",79,"NA",1,"NA",4.2,11,,,,,,,,
"CUAUHTEMOC",231,"NA",5.3,46,6.7,"NA",41.8,"NA",110,"NA",1,"NA",4.2,11,,,,,,,,
"MIGUEL HIDALGO",105,"NA",2.4,14,2,"NA",36.8,"NA",38,"NA",1,"NA",4.2,11,,,,,,,,
"VENUSTIANO CARRANZA",135,"NA",3.1,21,3,"NA",31.8,"NA",66,"NA",0,"NA",0,11,,,,,,,,
"AZCAPOTZALCO",95,"NA",2.1,20,2.8,"NA",37.7,"NA",53,"NA",1,"NA",4.2,12,,,,,,,,
"COYOACAN",560,"NA",12.1,92,12.8,"NA",34.7,"NA",265,"NA",3,"NA",12.5,12,,,,,,,,
"CUAJIMALPA DE MORELOS",113,"NA",2.5,10,1.4,"NA",41.7,"NA",24,"NA",0,"NA",0,12,,,,,,,,
"GUSTAVO A. MADERO",867,"NA",18.8,119,16.6,"NA",30.7,"NA",388,"NA",8,"NA",33.3,12,,,,,,,,
"IZTACALCO",147,"NA",3.2,27,3.8,"NA",39.1,"NA",69,"NA",0,"NA",0,12,,,,,,,,
"IZTAPALAPA",524,"NA",11.4,94,13.1,"NA",30.9,"NA",304,"NA",4,"NA",16.7,12,,,,,,,,
"LA MAGDALENA CONTRERA",136,"NA",2.9,27,3.8,"NA",34.2,"NA",79,"NA",0,"NA",0,12,,,,,,,,
"MILPA ALTA",29,"NA",0.6,7,1,"NA",31.8,"NA",22,"NA",0,"NA",0,12,,,,,,,,
"ALVARO OBREGON",552,"NA",12,71,9.9,"NA",40.1,"NA",177,"NA",1,"NA",4.2,12,,,,,,,,
"TLAHUAC",128,"NA",2.8,17,2.4,"NA",34,"NA",50,"NA",0,"NA",0,12,,,,,,,,
"TLALPAN",517,"NA",11.2,88,12.3,"NA",30.2,"NA",291,"NA",2,"NA",8.3,12,,,,,,,,
"XOCHIMILCO",234,"NA",5.1,35,4.9,"NA",35,"NA",100,"NA",2,"NA",8.3,12,,,,,,,,
"BENITO JUAREZ",205,"NA",4.4,27,3.8,"NA",32.9,"NA",82,"NA",1,"NA",4.2,12,,,,,,,,
"CUAUHTEMOC",245,"NA",5.3,48,6.7,"NA",40.7,"NA",118,"NA",1,"NA",4.2,12,,,,,,,,
"MIGUEL HIDALGO",117,"NA",2.5,15,2.1,"NA",37.5,"NA",40,"NA",1,"NA",4.2,12,,,,,,,,
"VENUSTIANO CARRANZA",142,"NA",3.1,21,2.9,"NA",31.3,"NA",67,"NA",0,"NA",0,12,,,,,,,,
"AZCAPOTZALCO",101,2.1,20,2.7,"NA",37,"NA",54,"NA",1,"NA",4.2,"NA",13,,,,,,,,
"COYOACAN",594,12.1,94,12.7,"NA",34.2,"NA",275,"NA",3,"NA",12.5,"NA",13,,,,,,,,
"CUAJIMALPA DE MORELOS",119,2.4,10,1.3,"NA",37,"NA",27,"NA",0,"NA",0,"NA",13,,,,,,,,
"GUSTAVO A. MADERO",926,18.8,128,17.2,"NA",30.4,"NA",421,"NA",8,"NA",33.3,"NA",13,,,,,,,,
"IZTACALCO",154,3.1,27,3.6,"NA",38.6,"NA",70,"NA",0,"NA",0,"NA",13,,,,,,,,
"IZTAPALAPA",575,11.7,101,13.6,"NA",30.9,"NA",327,"NA",4,"NA",16.7,"NA",13,,,,,,,,
"LA MAGDALENA CONTRERA",145,2.9,27,3.6,"NA",33.3,"NA",81,"NA",0,"NA",0,"NA",13,,,,,,,,
"MILPA ALTA",30,0.6,7,0.9,"NA",30.4,"NA",23,"NA",0,"NA",0,"NA",13,,,,,,,,
"ALVARO OBREGON",580,11.8,73,9.8,"NA",39.9,"NA",183,"NA",1,"NA",4.2,"NA",13,,,,,,,,
"TLAHUAC",141,2.9,17,2.3,"NA",30.9,"NA",55,"NA",0,"NA",0,"NA",13,,,,,,,,
"TLALPAN",537,10.9,89,12,"NA",29.8,"NA",299,"NA",2,"NA",8.3,"NA",13,,,,,,,,
"XOCHIMILCO",255,5.2,36,4.8,"NA",34.3,"NA",105,"NA",2,"NA",8.3,"NA",13,,,,,,,,
"BENITO JUAREZ",225,4.6,28,3.8,"NA",32.6,"NA",86,"NA",1,"NA",4.2,"NA",13,,,,,,,,
"CUAUHTEMOC",265,5.4,48,6.5,"NA",40,"NA",120,"NA",1,"NA",4.2,"NA",13,,,,,,,,
"MIGUEL HIDALGO",120,2.4,15,2,"NA",37.5,"NA",40,"NA",1,"NA",4.2,"NA",13,,,,,,,,
"VENUSTIANO CARRANZA",154,3.1,23,3.1,"NA",32.4,"NA",71,"NA",0,"NA",0,"NA",13,,,,,,,,
"AZCAPOTZALCO",108,2.1,20,2.7,"NA",35.7,"NA",56,"NA",1,"NA",4.2,"NA",14,,,,,,,,
"COYOACAN",604,11.8,94,12.6,"NA",33.6,"NA",280,"NA",3,"NA",12.5,"NA",14,,,,,,,,
"CUAJIMALPA DE MORELOS",123,2.4,10,1.3,"NA",35.7,"NA",28,"NA",0,"NA",0,"NA",14,,,,,,,,
"GUSTAVO A. MADERO",958,18.7,130,17.4,"NA",29.1,"NA",446,"NA",8,"NA",33.3,"NA",14,,,,,,,,
"IZTACALCO",168,3.3,27,3.6,"NA",37.5,"NA",72,"NA",0,"NA",0,"NA",14,,,,,,,,
"IZTAPALAPA",602,11.8,103,13.8,"NA",30.3,"NA",340,"NA",4,"NA",16.7,"NA",14,,,,,,,,
"LA MAGDALENA CONTRERA",147,2.9,27,3.6,"NA",32.9,"NA",82,"NA",0,"NA",0,"NA",14,,,,,,,,
"MILPA ALTA",31,0.6,7,0.9,"NA",29.2,"NA",24,"NA",0,"NA",0,"NA",14,,,,,,,,
"ALVARO OBREGON",606,11.9,73,9.7,"NA",38.8,"NA",188,"NA",1,"NA",4.2,"NA",14,,,,,,,,
"TLAHUAC",148,2.9,17,2.3,"NA",30.9,"NA",55,"NA",0,"NA",0,"NA",14,,,,,,,,
"TLALPAN",545,10.7,90,12,"NA",29.9,"NA",301,"NA",2,"NA",8.3,"NA",14,,,,,,,,
"XOCHIMILCO",262,5.1,36,4.8,"NA",34,"NA",106,"NA",2,"NA",8.3,"NA",14,,,,,,,,
"BENITO JUAREZ",243,4.8,28,3.7,"NA",30.8,"NA",91,"NA",1,"NA",4.2,"NA",14,,,,,,,,
"CUAUHTEMOC",279,5.5,49,6.5,"NA",37.7,"NA",130,"NA",1,"NA",4.2,"NA",14,,,,,,,,
"MIGUEL HIDALGO",127,2.5,15,2,"NA",35.7,"NA",42,"NA",1,"NA",4.2,"NA",14,,,,,,,,
"VENUSTIANO CARRANZA",160,3.1,23,3.1,"NA",30.7,"NA",75,"NA",0,"NA",0,"NA",14,,,,,,,,
"AZCAPOTZALCO",156,"NA",2.1,20,2.6,"NA",21.7,"NA",92,"NA",1,"NA",4.2,15,,,,,,,,
"COYOACAN",764,"NA",10.3,95,12.4,"NA",24.1,"NA",395,"NA",3,"NA",12.5,15,,,,,,,,
"CUAJIMALPA DE MORELOS",248,"NA",3.4,11,1.4,"NA",10.4,"NA",106,"NA",0,"NA",0,15,,,,,,,,
"GUSTAVO A. MADERO",1189,"NA",16.1,132,17.2,"NA",21,"NA",628,"NA",8,"NA",33.3,15,,,,,,,,
"IZTACALCO",263,"NA",3.6,28,3.7,"NA",20.3,"NA",138,"NA",0,"NA",0,15,,,,,,,,
"IZTAPALAPA",856,"NA",11.6,106,13.8,"NA",20.1,"NA",527,"NA",4,"NA",16.7,15,,,,,,,,
"LA MAGDALENA CONTRERA",205,"NA",2.8,28,3.7,"NA",21.4,"NA",131,"NA",0,"NA",0,15,,,,,,,,
"MILPA ALTA",43,"NA",0.6,6,0.8,"NA",20,"NA",30,"NA",0,"NA",0,15,,,,,,,,
"ALVARO OBREGON",869,"NA",11.8,75,9.8,"NA",20.4,"NA",367,"NA",1,"NA",4.2,15,,,,,,,,
"TLAHUAC",248,"NA",3.4,17,2.2,"NA",15.6,"NA",109,"NA",0,"NA",0,15,,,,,,,,
"TLALPAN",763,"NA",10.3,92,12,"NA",20,"NA",459,"NA",2,"NA",8.3,15,,,,,,,,
"XOCHIMILCO",398,"NA",5.4,37,4.8,"NA",19.6,"NA",189,"NA",2,"NA",8.3,15,,,,,,,,
"BENITO JUAREZ",421,"NA",5.7,30,3.9,"NA",12.9,"NA",232,"NA",1,"NA",4.2,15,,,,,,,,
"CUAUHTEMOC",412,"NA",5.6,50,6.5,"NA",21.7,"NA",230,"NA",1,"NA",4.2,15,,,,,,,,
"MIGUEL HIDALGO",303,"NA",4.1,15,2,"NA",9.6,"NA",157,"NA",1,"NA",4.2,15,,,,,,,,
"VENUSTIANO CARRANZA",257,"NA",3.5,25,3.3,"NA",18.2,"NA",137,"NA",0,"NA",0,15,,,,,,,,
"AZCAPOTZALCO",183,"NA",2.1,20,2.6,"NA",18.3,"NA",109,"NA",1,"NA",4.2,16,,,,,,,,
"COYOACAN",813,"NA",9.5,95,12.2,"NA",20.6,"NA",461,"NA",3,"NA",12.5,16,,,,,,,,
"CUAJIMALPA DE MORELOS",276,"NA",3.2,11,1.4,"NA",7.3,"NA",151,"NA",0,"NA",0,16,,,,,,,,
"GUSTAVO A. MADERO",1391,"NA",16.3,132,17,"NA",17.9,"NA",738,"NA",8,"NA",33.3,16,,,,,,,,
"IZTACALCO",373,"NA",4.4,28,3.6,"NA",13.5,"NA",208,"NA",0,"NA",0,16,,,,,,,,
"IZTAPALAPA",1035,"NA",12.2,106,13.6,"NA",15.9,"NA",667,"NA",4,"NA",16.7,16,,,,,,,,
"LA MAGDALENA CONTRERA",219,"NA",2.6,28,3.6,"NA",18.9,"NA",148,"NA",0,"NA",0,16,,,,,,,,
"MILPA ALTA",48,"NA",0.6,6,0.8,"NA",18.2,"NA",33,"NA",0,"NA",0,16,,,,,,,,
"ALVARO OBREGON",976,"NA",11.5,78,10,"NA",16.7,"NA",467,"NA",1,"NA",4.2,16,,,,,,,,
"TLAHUAC",315,"NA",3.7,19,2.4,"NA",11.7,"NA",162,"NA",0,"NA",0,16,,,,,,,,
"TLALPAN",828,"NA",9.7,97,12.5,"NA",17.2,"NA",564,"NA",2,"NA",8.3,16,,,,,,,,
"XOCHIMILCO",441,"NA",5.2,37,4.8,"NA",14.7,"NA",251,"NA",2,"NA",8.3,16,,,,,,,,
"BENITO JUAREZ",494,"NA",5.8,29,3.7,"NA",9.2,"NA",315,"NA",1,"NA",4.2,16,,,,,,,,
"CUAUHTEMOC",486,"NA",5.7,50,6.4,"NA",16.8,"NA",297,"NA",1,"NA",4.2,16,,,,,,,,
"MIGUEL HIDALGO",334,"NA",3.9,16,2.1,"NA",7.5,"NA",212,"NA",1,"NA",4.2,16,,,,,,,,
"VENUSTIANO CARRANZA",304,"NA",3.6,25,3.2,"NA",14.6,"NA",171,"NA",0,"NA",0,16,,,,,,,,
"AZCAPOTZALCO",235,2.1,20,2.5,"NA",12.2,"NA",164,"NA",1,"NA",4.2,"NA",17,,,,,,,,
"COYOACAN",958,8.7,97,12.2,"NA",16.8,"NA",578,"NA",3,"NA",12.5,"NA",17,,,,,,,,
"CUAJIMALPA DE MORELOS",341,3.1,11,1.4,"NA",4.9,"NA",223,"NA",0,"NA",0,"NA",17,,,,,,,,
"GUSTAVO A. MADERO",1795,16.3,132,16.5,"NA",12,"NA",1101,"NA",8,"NA",33.3,"NA",17,,,,,,,,
"IZTACALCO",562,5.1,29,3.6,"NA",7.7,"NA",378,"NA",0,"NA",0,"NA",17,,,,,,,,
"IZTAPALAPA",1506,13.7,107,13.4,"NA",10.5,"NA",1017,"NA",4,"NA",16.7,"NA",17,,,,,,,,
"LA MAGDALENA CONTRERA",263,2.4,28,3.5,"NA",15.2,"NA",184,"NA",0,"NA",0,"NA",17,,,,,,,,
"MILPA ALTA",62,0.6,6,0.8,"NA",13,"NA",46,"NA",0,"NA",0,"NA",17,,,,,,,,
"ALVARO OBREGON",1191,10.8,80,10,"NA",11.7,"NA",686,"NA",1,"NA",4.2,"NA",17,,,,,,,,
"TLAHUAC",442,4,20,2.5,"NA",6.6,"NA",301,"NA",0,"NA",0,"NA",17,,,,,,,,
"TLALPAN",1021,9.3,102,"NA","NA","NA","NA",746,"NA",2,"NA",8.3,"NA",17,,,,,,,,
"XOCHIMILCO",530,4.8,37,4.6,"NA",10.9,"NA",339,"NA",2,"NA",8.3,"NA",17,,,,,,,,
"BENITO JUAREZ",632,5.8,30,3.8,"NA",6.9,"NA",435,"NA",1,"NA",4.2,"NA",17,,,,,,,,
"CUAUHTEMOC",610,5.6,53,6.6,"NA",12.9,"NA",411,"NA",1,"NA",4.2,"NA",17,,,,,,,,
"MIGUEL HIDALGO",390,3.6,21,2.6,"NA",7.4,"NA",285,"NA",1,"NA",4.2,"NA",17,,,,,,,,
"VENUSTIANO CARRANZA",443,4,25,3.1,"NA",9.1,"NA",274,"NA",0,"NA",0,"NA",17,,,,,,,,
"AZCAPOTZALCO",274,2.1,21,2.6,"NA",11.3,"NA",186,"NA",1,"NA",4.2,"NA",18,,,,,,,,
"COYOACAN",1074,8.3,98,12.1,"NA",14.9,"NA",656,"NA",3,"NA",12.5,"NA",18,,,,,,,,
"CUAJIMALPA DE MORELOS",375,2.9,11,1.4,"NA",4.6,"NA",240,"NA",0,"NA",0,"NA",18,,,,,,,,
"GUSTAVO A. MADERO",2048,15.8,132,16.3,"NA",10.5,"NA",1261,"NA",8,"NA",33.3,"NA",18,,,,,,,,
"IZTACALCO",725,5.6,29,3.6,"NA",6.4,"NA",456,"NA",0,"NA",0,"NA",18,,,,,,,,
"IZTAPALAPA",1864,14.4,107,13.2,"NA",8.9,"NA",1207,"NA",4,"NA",16.7,"NA",18,,,,,,,,
"LA MAGDALENA CONTRERA",290,2.2,28,3.5,"NA",13.3,"NA",210,"NA",0,"NA",0,"NA",18,,,,,,,,
"MILPA ALTA",76,0.6,6,0.7,"NA",10.9,"NA",55,"NA",0,"NA",0,"NA",18,,,,,,,,
"ALVARO OBREGON",1375,10.6,81,10,"NA",10.5,"NA",774,"NA",1,"NA",4.2,"NA",18,,,,,,,,
"TLAHUAC",550,4.2,20,2.5,"NA",5.4,"NA",372,"NA",0,"NA",0,"NA",18,,,,,,,,
"TLALPAN",1209,9.3,110,"NA","NA","NA","NA",852,"NA",2,"NA",8.3,"NA",18,,,,,,,,
"XOCHIMILCO",651,5,37,4.6,"NA",9.3,"NA",398,"NA",2,"NA",8.3,"NA",18,,,,,,,,
"BENITO JUAREZ",724,5.6,32,3.9,"NA",6.3,"NA",512,"NA",1,"NA",4.2,"NA",18,,,,,,,,
"CUAUHTEMOC",729,5.6,53,6.5,"NA",11.1,"NA",478,"NA",1,"NA",4.2,"NA",18,,,,,,,,
"MIGUEL HIDALGO",440,3.4,21,2.6,"NA",6.8,"NA",307,"NA",1,"NA",4.2,"NA",18,,,,,,,,
"VENUSTIANO CARRANZA",567,4.4,25,3.1,"NA",7.7,"NA",325,"NA",0,"NA",0,"NA",18,,,,,,,,
"AZCAPOTZALCO",328,,2.1,21,,2.5,,,8.7,,241,,1,19,,,,,,,,4.2
"COYOACAN",1197,,7.8,102,,12.2,,,13.2,,773,,3,19,,,,,,,,12.5
"CUAJIMALPA DEMORELOS",426,,2.8,11,,1.3,,,3.8,,289,,0,19,,,,,,,,0
"GUSTAVO A. MADERO",2377,,15.5,132,,15.8,,,8.3,,1587,,8,19,,,,,,,,33.3
"IZTACALCO",905,,5.9,30,,3.6,,,4.9,,607,,0,19,,,,,,,,0
"IZTAPALAPA",2365,,15.4,109,,,,,6.8,,1611,,4,19,,,,,,,,16.7
"LA MAGDALENA CONTRERA",320,,2.1,28,,3.4,,,,,240,,0,19,,,,,,,,0
"MILPA ALTA",93,,0.6,6,,0.7,,,8.2,,73,,0,19,,,,,,,,0
"ALVARO OBREGON",1599,,10.4,83,,10,,,8.5,,978,,1,19,,,,,,,,4.2
"TLAHUAC",689,,4.5,21,,2.5,,,4.2,,498,,0,19,,,,,,,,0
"TLALPAN",1367,,8.9,115,,,,,,,1053,,2,19,,,,,,,,8.3
"XOCHIMILCO",785,,5.1,39,,4.7,,,7.3,,537,,2,19,,,,,,,,8.3
"BENITO JUAREZ",860,,5.6,35,,4.2,,,5.5,,633,,1,19,,,,,,,,4.2
"CUAUHTEMOC",854,,5.6,54,,6.5,,,9,,597,,1,19,,,,,,,,4.2
"MIGUEL HIDALGO",502,,3.3,22,,2.6,,,5.9,,371,,1,19,,,,,,,,4.2
"VENUSTIANO CARRANZA",706,,4.6,25,,3,,,5.7,,436,,0,19,,,,,,,,0
